placeCode,name,glofasStation
ET041621,Bedele town,no_station
ET160032,Bilate Zuria,no_station
ET010207,Adet,no_station
ET040302,Alge Sachi,no_station
ET020104,Afambo,G4951
ET120101,Akobo,G5056
ET050699,Aba-Korow,no_station
ET160016,Aleta Chuko,no_station
ET070102,Abeshege,no_station
ET030799,Adete town,no_station
ET041403,Adola,no_station
ET070215,Ameka,no_station
ET140108,Addis Ketema (AA),no_station
ET041905,Abay Chomen,no_station
ET030299,Adisezemen town,no_station
ET070208,Analemmo,no_station
ET041482,Aga Wayu,no_station
ET071205,Alle Special,no_station
ET030507,Antsokiya,no_station
ET030408,Albuko,no_station
ET030515,Ankober,no_station
ET030404,Ambasel,no_station
ET010411,Alamata town,no_station
ET010607,Adigudom,no_station
ET041904,Ababo,no_station
ET041104,Agarfa,no_station
ET020111,Asayita town,no_station
ET010111,Adi Daero,no_station
ET010210,Abergele (TG),no_station
ET020203,Abaala,no_station
ET041703,Arsi Negele,no_station
ET070801,Anderacha,no_station
ET050395,Ararso,no_station
ET160021,Aleta Wondo town,no_station
ET071403,Atote Ulo,no_station
ET040516,Abuna Ginde Beret,no_station
ET130109,Abadir,no_station
ET072102,Amaro,no_station
ET150201,Aseliso,no_station
ET130107,Amir Nur,no_station
ET040311,Ale,no_station
ET040417,Agaro town,no_station
ET070905,Adiyio,no_station
ET050205,Aw-Bare,no_station
ET030513,Angolelana Tera,no_station
ET150109,Addis Ketema (DD),no_station
ET041910,Abe Dongoro,no_station
ET010212,Adwa town,no_station
ET010316,Agulae,no_station
ET031115,Alfa,no_station
ET040825,Asela town,no_station
ET020302,Awash,G1067
ET030908,Ayehu Guwagusa,no_station
ET010315,Atsbi town,no_station
ET020301,Amibara,G1067
ET160003,Arbegona,no_station
ET071021,Arba Minch town,no_station
ET031004,Artuma Fursi,no_station
ET010204,Adwa,no_station
ET010202,Aheferom,no_station
ET010112,Adi Hageray,no_station
ET040714,Adama town,no_station
ET160005,Aleta Wendo,no_station
ET010211,Abi Adi town,no_station
ET020209,Abaala town,no_station
ET030598,Ataye town,no_station
ET040503,Ambo Zuria,no_station
ET041622,Badele Zuria,no_station
ET041099,Aweday town,no_station
ET040515,Ambo town,no_station
ET040906,Anchar,no_station
ET140101,Akaki - Kalit,no_station
ET010308,Adigrat town,no_station
ET040708,Adama Tulu Jido Kombolcha,no_station
ET010105,Asgede,no_station
ET030599,Aleme Ketma,no_station
ET071015,Arba Minch Zuria,no_station
ET010213,Axum town,no_station
ET050105,Afdem,no_station
ET050203,Babile (SM),no_station
ET130108,Aboker,no_station
ET020306,Arguba,no_station
ET040617,Aleltu,no_station
ET041909,Amuru,no_station
ET020207,Afdera,no_station
ET020396,Awash town,no_station
ET030903,Ankasha,no_station
ET030514,Assagirt,no_station
ET072001,Alicho Woriro,no_station
ET050101,Ayisha,G4954
ET040111,Babo,no_station
ET030611,Baso Liben,no_station
ET040314,Becho (Ilu Aba Bora),no_station
ET040802,Aseko,no_station
ET040107,Ayira,no_station
ET040894,Bekoji town,no_station
ET031002,Bati,no_station
ET070302,Angacha,no_station
ET030702,Bahirdar Zuria,G4953
ET040709,Bishoftu town,no_station
ET041114,Berbere,no_station
ET030517,Berehet,no_station
ET060305,Bambasi,no_station
ET140109,Arada,no_station
ET041000,Babile town,no_station
ET030617,Aneded,no_station
ET041799,Arsi Negele town,no_station
ET031099,Bati Town,no_station
ET071601,Basketo SP Woreda,G1901
ET010307,Atsbi,no_station
ET010507,Awra (TG),no_station
ET020205,Berahile,no_station
ET030102,Beyeda,no_station
ET071805,Bero,no_station
ET042011,Bereh,no_station
ET041208,Arero,G5141
ET030699,Bechena Town,no_station
ET060303,Assosa,no_station
ET041309,Becho (SW Shewa),no_station
ET050807,Barey,no_station
ET070622,Bayera Koisha,no_station
ET070705,Bena Tsemay,G1901
ET071508,Bulike town,no_station
ET070910,Bita,no_station
ET071006,Chencha Zuriya,no_station
ET041097,Deder town,no_station
ET050603,Danan,G1904
ET041607,Borecha,no_station
ET030210,Debre Tabor town,no_station
ET030803,Dehana,no_station
ET041304,Dawo,no_station
ET031112,Chilga 2,no_station
ET050394,Burqod,no_station
ET041808,Dale Sadi,no_station
ET070608,Boloso Bombe,no_station
ET070119,Debub Sodo,no_station
ET050302,Degehabur,no_station
ET041402,Bore,no_station
ET020208,Bidu,no_station
ET031106,Chilga 1,no_station
ET030607,Debay Telatgen,no_station
ET020504,Dalefage,no_station
ET160015,Bursa,no_station
ET041587,Bule Hora town,no_station
ET070706,Dasenech /Kuraz,G1901
ET030106,Dabat town,no_station
ET070909,Chena,no_station
ET071004,Boreda,no_station
ET030707,Dega Damot,no_station
ET030715,Debub Mecha,no_station
ET070115,Butajira town,no_station
ET020206,Dalol,no_station
ET070615,Boditi town,no_station
ET010414,Chercher,no_station
ET050504,Debeweyin,no_station
ET040507,Dano,no_station
ET050788,Daratole,no_station
ET041623,Chwaka,no_station
ET030613,Dejen,no_station
ET040510,Dendi,no_station
ET070510,Churso,no_station
ET040505,Cheliya,no_station
ET040710,Bora (OR),no_station
ET060207,Bulen,no_station
ET040913,Chiro Zuria,no_station
ET060201,Dangura,no_station
ET072005,Dalocha,no_station
ET040410,Dedo,no_station
ET030520,Debre Berhan town,no_station
ET020503,Dawe,G1067
ET070504,Bule,no_station
ET071010,Chencha,no_station
ET041803,Dale Wabera,no_station
ET030311,Dawunt,no_station
ET060306,Bilidigilu,no_station
ET040815,Degeluna Tijo,no_station
ET041603,Chora (Buno Bedele),no_station
ET071009,Daramalo,no_station
ET070611,Damot Pullasa,no_station
ET030301,Bugna,no_station
ET041015,Chinaksen,no_station
ET030615,Debre Markos town,no_station
ET041608,Dedesa,no_station
ET150208,Biyoawale,no_station
ET140104,Bole,no_station
ET010604,Degua Temben,no_station
ET070907,Cheta,no_station
ET050802,Charati,no_station
ET041011,Deder,no_station
ET030608,Debre Elias,no_station
ET041501,Bule Hora,no_station
ET041911,Choman Guduru,no_station
ET070603,Damot Woide,no_station
ET160006,Dara,no_station
ET030717,Denbecha town,no_station
ET071014,Bonke,no_station
ET071502,Denba Gofa,no_station
ET040702,Boset,no_station
ET030105,Dabat,no_station
ET070307,Damboya,no_station
ET040809,Chole,no_station
ET030998,Dangila town,no_station
ET042001,Burayu,no_station
ET041604,Dega,no_station
ET030999,Chagni town,no_station
ET041220,Dhas,no_station
ET020106,Chifra,G1053
ET071103,Debub Bench,no_station
ET070911,Bonga town,no_station
ET070117,Bui town,no_station
ET040592,Cobi,no_station
ET030710,Bure (AM),no_station
ET160029,Chabe Gambeltu,no_station
ET010201,Chila,no_station
ET030418,Dessie town,no_station
ET041806,Denbi Dollo town,no_station
ET010506,Dansha town,no_station
ET070908,Decha,no_station
ET060205,Debati,no_station
ET070505,Dila Zuria,no_station
ET050301,Degehamedo,no_station
ET040108,Jarso (West Wellega),no_station
ET040905,Chiro town,no_station
ET030798,Bure town,no_station
ET160035,Chuko town,no_station
ET070110,Cheha,no_station
ET040607,Debre Libanos,no_station
ET150111,Dechatu,no_station
ET030708,Dembecha,no_station
ET160030,Daye town,no_station
ET040495,Botor Tolay,no_station
ET160004,Dale,no_station
ET070609,Damot Sore,no_station
ET050399,Dig,no_station
ET040605,Degem,no_station
ET041211,Dire,no_station
ET050808,Dolobay,no_station
ET041290,Guchi,no_station
ET070612,Duguna Fango,no_station
ET050102,Dembel,no_station
ET031001,Dewa Cheffa,no_station
ET031292,Gendawuha town,no_station
ET120200,Gambela National Park,no_station
ET010219,Emba Sieneti,no_station
ET070213,Gimbichu town,no_station
ET030506,Gishe Rabel,no_station
ET050804,Elkare /Serer,no_station
ET070617,Gesuba town,no_station
ET010203,Edaga arbi,no_station
ET010302,Erob,no_station
ET041804,Gawo Kebe,no_station
ET050290,Goljano,no_station
ET010220,Enticho town,no_station
ET030204,Farta,G4965
ET050304,Gashamo,no_station
ET051006,Dihun,no_station
ET030714,Finote Selam town,no_station
ET040805,Dodota,no_station
ET050598,El-Ogaden,no_station
ET040707,Dugda,no_station
ET010218,Endafelasi,no_station
ET070104,Gedebano Gutazer Welene,no_station
ET030208,East Esite,no_station
ET071008,Dita,no_station
ET040408,Gera,G6111
ET041295,Elwaya,no_station
ET050104,Erer (SM),no_station
ET070207,Duna,no_station
ET030606,Enemay,no_station
ET042008,Dukem,no_station
ET010313,Freweyni town,no_station
ET041706,Gedeb Asasa,no_station
ET041106,Gasera,no_station
ET040119,Guliso,no_station
ET041700,Dodola town,no_station
ET041291,Dubluk,no_station
ET010115,Dima (TG),no_station
ET070116,Emdebir town,no_station
ET030201,Ebenat,no_station
ET041005,Fedis,no_station
ET020201,Erebti,no_station
ET040705,Gimbichu,no_station
ET150110,Gende Kore,no_station
ET070113,Geta,no_station
ET051002,Elwayne,no_station
ET071016,Gacho Baba,no_station
ET070109,Gumer,no_station
ET020107,Dubti town,no_station
ET040210,Diga,no_station
ET070511,Gedeb town,no_station
ET070108,Endiguagn,no_station
ET010317,Geraleta,no_station
ET130105,Erer (HR),no_station
ET040407,Goma,no_station
ET040113,Gaji,no_station
ET071018,Garda Marta,no_station
ET050607,Ferfer,G1904
ET050698,Elale,no_station
ET050601,East Imi,G5081
ET071106,Gidi Bench,no_station
ET071803,Gori Gesha,no_station
ET030605,Enarj Enawga,no_station
ET070308,Durame town,no_station
ET010304,Ganta Afeshum,no_station
ET040324,Dorani,no_station
ET040907,Goba Koricha,no_station
ET010216,Egela,no_station
ET050696,Godey town,no_station
ET070903,Gewata,no_station
ET071007,Ezo /Kogota,no_station
ET070120,Enor Ener,no_station
ET040912,Gemechis,no_station
ET071801,Gachit,no_station
ET040193,Gimbi town,no_station
ET031110,Gonder Zuria,no_station
ET070306,Doyogena,no_station
ET120205,Dima (GM),no_station
ET070111,Enemor Ener,G6107
ET030905,Fagta Lakoma,no_station
ET031117,East Belesa,no_station
ET120206,Gambela town,G1603
ET070506,Gedeb,no_station
ET010405,Endamehoni,no_station
ET071704,Gena,no_station
ET020303,Gewane,G1053
ET030312,Gazo,no_station
ET041809,Gidami,no_station
ET030203,Fogera,G4965
ET031111,East Dembia,no_station
ET010114,Endabaguna town,no_station
ET040606,Gerar Jarso,no_station
ET030503,Ensaro,no_station
ET020102,Elidar,no_station
ET020305,Gelalu,no_station
ET040701,Fentale,G1074
ET040316,Hurumu,no_station
ET020402,Euwa,G1045
ET071013,Gerese,no_station
ET040590,Ejersa Lafo,no_station
ET020101,Dubti,G1045
ET030804,Gaz Gibla,no_station
ET050799,Galhamur,no_station
ET050595,Goglo,no_station
ET041410,Girja /Harenfema,no_station
ET031118,Gonder town,no_station
ET050703,Galadi,no_station
ET010404,Emba Alaje,no_station
ET030603,Goncha Siso Enebse,no_station
ET030508,Eferatana Gidem,no_station
ET051003,Garbo,no_station
ET070902,Gesha,no_station
ET040613,Fiche town,no_station
ET042107,Ginir town,no_station
ET042098,Gelana (Finfine),no_station
ET070103,Ezha,no_station
ET030604,Enebse Sarmder,no_station
ET120301,Godere,no_station
ET041089,Goro Muti,no_station
ET041903,Guduru,no_station
ET070618,Gununo Hamus town,no_station
ET050604,Gode,G1904
ET040803,Golocha,G5076
ET040991,Gumbi Bordede,no_station
ET041413,Gora Dola,no_station
ET060202,Guba,no_station
ET150112,Hafat Issa,no_station
ET041115,Gura Damole,no_station
ET040319,Halu /Huka,no_station
ET041003,Gursum (OR),no_station
ET070904,Gimbo,no_station
ET040819,Guna,no_station
ET051096,Hararey,no_station
ET030308,Habru,G1045
ET041490,Haro Walabu,no_station
ET010305,Hawzen,no_station
ET042101,Gololcha Bale,G5081
ET020405,Gulina,no_station
ET010217,Hahayle,no_station
ET030516,Hagere Mariam,no_station
ET030610,Guzamn,no_station
ET040103,Gimbi,no_station
ET041010,Goro Gutu,no_station
ET010605,Hagere Selam town,no_station
ET120203,Gog,G5056
ET040908,Habro,no_station
ET030212,Guna Begemider,no_station
ET070619,Hobicha Abaya,no_station
ET160018,Hawasa town,no_station
ET041019,Haromaya town,no_station
ET041783,Heban Arsi,no_station
ET040117,Homa,no_station
ET070312,Hadero town,no_station
ET041006,Haro Maya,no_station
ET050404,Hamero,no_station
ET041120,Goba town,no_station
ET041312,Goro (SW Shewa),no_station
ET070202,Gombora,no_station
ET050298,Haroreys,no_station
ET041111,Harena Buluk,no_station
ET050202,Gursum (SM),no_station
ET041801,Hawa Galan,no_station
ET050597,Higloley,no_station
ET060307,Homosha,no_station
ET070704,Hamer,G1901
ET010312,Hawzen town,no_station
ET051104,Hudet,no_station
ET070305,Hadero Tunto,no_station
ET041110,Goba (OR),no_station
ET040915,Hawi Gudina,no_station
ET160011,Gorche,no_station
ET010603,Hintalo,no_station
ET041509,Hambela Wamena,no_station
ET050299,Harawo,no_station
ET160002,Hawassa Zuria,no_station
ET042020,Holeta town,no_station
ET020307,Hanruka,no_station
ET050904,Guradamole,G5115
ET030602,Hulet Ej Enese,no_station
ET130104,Hakim,no_station
ET070211,Hosaena town,no_station
ET010108,Indasilassie town,no_station
ET160023,Hawela,no_station
ET030907,Guagusa Shikudad,no_station
ET071102,Gurafereda,no_station
ET040202,Ibantu,no_station
ET010301,Gulo Mekeda,no_station
ET041901,Horo,no_station
ET070604,Humbo,no_station
ET160031,Hokko,no_station
ET030499,Hike town,no_station
ET040109,Gudetu Kondole,no_station
ET050305,Gunagado,no_station
ET160007,Hulla,no_station
ET070214,Jajura town,no_station
ET050106,Hadhagala,no_station
ET041912,Horo Buluk,no_station
ET040204,Haro Limu,no_station
ET072008,Hulbareg,no_station
ET030996,Injibara town,no_station
ET040603,Hidabu Abote,no_station
ET020505,Hadelela,no_station
ET040114,Haru,no_station
ET051095,Horshagah,no_station
ET040500,Illu Galan,no_station
ET160010,Boricha,no_station
ET160017,Bona Zuria,no_station
ET030198,Debark town,no_station
ET160014,Chire,no_station
ET070602,Damot Gale,no_station
ET050392,Daror,no_station
ET160024,Bura,no_station
ET030698,Dejen town,no_station
ET040317,Didu,no_station
ET160034,Daella,no_station
ET070508,Chelelektu town,no_station
ET050307,Degahabur town,no_station
ET050701,Danod,no_station
ET030713,Debub Achefer,no_station
ET130106,Dire Teyara,no_station
ET041305,Ilu,no_station
ET050206,Kebribeyah,no_station
ET041810,Jimma Horo,no_station
ET031006,Kemisie town,no_station
ET070709,Jinka town,no_station
ET071019,Kucha,no_station
ET071705,Isara,no_station
ET070203,Lemmo,no_station
ET070707,Malie,G1901
ET010102,Laelay Adiabo,no_station
ET041708,Kokosa,no_station
ET040610,Kimbibit,no_station
ET070805,Masha town,no_station
ET030498,Mekane Selame,no_station
ET030205,Lay Gayint,no_station
ET072003,Lanfero,no_station
ET072011,Kibet town,no_station
ET071301,Karat town,no_station
ET140106,Kirkos,no_station
ET150206,Jeldessa,no_station
ET041001,Kombolcha,no_station
ET071401,Kulito town,no_station
ET030413,Kelela,no_station
ET040711,Liben Chukala,no_station
ET030420,Legehida,no_station
ET030213,Mena Meketewa,no_station
ET030421,Mekdela,no_station
ET010505,May Kadra,no_station
ET071708,Mari Mansa,no_station
ET071807,Maji,no_station
ET120204,Jore,G5056
ET040502,Jeldu,no_station
ET140103,Kolfe - Keran,no_station
ET150113,Kazira,no_station
ET040615,Jida,no_station
ET041002,Jarso (East Hararghe),no_station
ET030512,Kewet,no_station
ET041907,Jimma Rare,no_station
ET070610,Kindo Daddaye,no_station
ET071304,Kena,no_station
ET070303,Kediada Gambela,no_station
ET041707,Dodola,no_station
ET050798,Lehel-Yucub,no_station
ET030399,Kobo town,no_station
ET050592,Kebridehar town,no_station
ET040214,Jimma Arjo,no_station
ET030414,Jama,no_station
ET030417,Kombolcha town,no_station
ET160037,Loka Abaya,no_station
ET030398,Lalibela town,no_station
ET150104,Malka Jabti /M.Jebdu),no_station
ET140105,Lideta,no_station
ET010116,May Tsebri town,no_station
ET040406,Mena (Jimma),no_station
ET041012,Melka Balo,no_station
ET040904,Mesela,no_station
ET120102,Lare,G1603
ET040911,Kuni /Oda Bultum,no_station
ET071901,Konta,no_station
ET050605,Kelafo,G1904
ET060403,Kamashi,no_station
ET040217,Kiremu,no_station
ET040401,Limu Seka,no_station
ET040212,Leka Dulecha,no_station
ET031005,Dewa Harewa,no_station
ET050991,Deka Suftu,no_station
ET071706,Kache,no_station
ET041502,Kercha,no_station
ET050296,Kebribayah town,no_station
ET010205,Laelay Maychew,no_station
ET010208,Kola Temben,no_station
ET031108,Lay Armacho,no_station
ET160022,Leku town,no_station
ET160012,Malga,no_station
ET040402,Limu Kosa,no_station
ET071017,Kucha Alpha,no_station
ET070802,Masha,no_station
ET030298,Mekan Eyesuse,no_station
ET010306,Kelete Awelallo,no_station
ET130103,Jinela,no_station
ET070620,Kawo Koisha,no_station
ET030403,Kutaber,no_station
ET040405,Kersa (Jimma),G6109
ET050596,Lasdhankayre,no_station
ET120308,Mengesh,no_station
ET060204,Madira,no_station
ET040201,Limu (OR),no_station
ET060508,Maokomo Special,no_station
ET041618,Meko,no_station
ET020204,Megale,no_station
ET060302,Kurmuk,no_station
ET041705,Kore,no_station
ET050293,Jigjiga town,no_station
ET070304,Kacha Bira,no_station
ET050898,Kohle /Qoxle,no_station
ET041008,Kersa (East Hararge),no_station
ET010412,Mekhoni town,no_station
ET040801,Merti,no_station
ET040104,Lalo Asabi,no_station
ET042004,Lege Tafo-Lege Dadi town,no_station
ET010409,Maichew town,no_station
ET030704,Mecha,G4977
ET031224,Metema Yohanes town,no_station
ET040490,Mancho,no_station
ET060301,Menge,no_station
ET010410,Korem town,no_station
ET040198,Mendi town,no_station
ET040320,Metu town,no_station
ET071501,Melekoza,no_station
ET041113,Meda Welabu,no_station
ET041704,Kofele,no_station
ET040597,Liban Jawi,no_station
ET040101,Mana Sibu,no_station
ET030502,Merhabete,no_station
ET070107,Mareko,no_station
ET030419,Mehal Sayint,no_station
ET030518,Minjar Shenkora,no_station
ET040604,Kuyu,no_station
ET020108,Kori,no_station
ET040514,Meta Robi,no_station
ET072012,Mito,no_station
ET071703,Loma,no_station
ET041210,Moyale (OR),no_station
ET050408,Meyumuluka,no_station
ET071804,Menit Shasha,no_station
ET040297,Nekemte town,no_station
ET041518,Melka Soda,no_station
ET030522,Menze Lalo Midir,no_station
ET030597,Mehale Meda town,no_station
ET071005,Mirab Abaya,no_station
ET070112,Muhur Na Aklil,G6108
ET040504,Mida Kegn,no_station
ET120105,Makuey,no_station
ET041414,Negele town,no_station
ET030706,Quarit,no_station
ET070106,Meskan,no_station
ET020198,Samera Logiya town,no_station
ET030302,Raya Kobo,no_station
ET041216,Miyo,no_station
ET070201,Misha,no_station
ET040799,Metehara town,no_station
ET030797,Merawi town,no_station
ET070607,Ofa,no_station
ET010403,Neqsege,no_station
ET071802,Menit Goldiye,no_station
ET150103,Sabian,no_station
ET010214,Rama,no_station
ET040901,Mieso,no_station
ET030511,Mojan Wedera,no_station
ET160028,Shafamo,no_station
ET030705,Sekela,no_station
ET040817,Munessa,no_station
ET040118,Sayo Nole,no_station
ET042018,Sendafa town,no_station
ET030501,Mida Woremo,no_station
ET040594,Meta Walkite,no_station
ET041812,Sedi Chenka,no_station
ET030411,Sayint,no_station
ET070118,Misrak Meskan,no_station
ET010408,Ofla,no_station
ET040508,Nono,no_station
ET030207,Semada,no_station
ET042016,Mulo,no_station
ET050501,Shaygosh,no_station
ET030806,Sahila,no_station
ET010107,Sheraro town,no_station
ET010407,Raya Alamata,no_station
ET010110,Seyemti Adyabo,no_station
ET071709,Disa,no_station
ET030609,Michakel,no_station
ET041009,Meta,no_station
ET071107,Mizan Aman town,no_station
ET030521,Menze Keya Gabriel,no_station
ET071003,Selamber town,no_station
ET040215,Nunu Kumba,no_station
ET072006,Sankura,no_station
ET050497,Qubi,no_station
ET041310,Seden Sodo,no_station
ET040199,Nejo town,no_station
ET051187,Mubarek,no_station
ET041119,Robe Town,no_station
ET030509,Menze Mama Midir,no_station
ET070205,Misrak Badawacho,no_station
ET010406,Raya Azebo,no_station
ET041018,Meyu Muleke,no_station
ET042006,Sebeta Hawas,no_station
ET030616,Senan,no_station
ET071506,O'yida,no_station
ET031214,Quara,no_station
ET071302,Segen Zuria,no_station
ET041702,Shala,no_station
ET040313,Sale Nono,no_station
ET040812,Robe,no_station
ET020105,Mile,G1053
ET030215,Nefas Mewicha town,no_station
ET072013,Misirak Silti,no_station
ET030694,Mota Town,no_station
ET040411,Omo Nada,no_station
ET040499,Nono Benja,no_station
ET010109,Selekleka,no_station
ET071507,Sawla town,no_station
ET030214,Sede Muja,no_station
ET071104,Shay Bench,no_station
ET060405,Mizyiga,no_station
ET070509,Rape,no_station
ET150114,Police Maret,no_station
ET070209,Mirab Badowach,no_station
ET051005,Sagag,no_station
ET140102,Nefas Silk,no_station
ET030802,Sekota,no_station
ET040811,Seru,G5076
ET070703,North Ari,no_station
ET070901,Saylem,no_station
ET130102,Shenkor,no_station
ET040209,Sibu Sire,no_station
ET070217,Mirab Soro,no_station
ET040797,Mojo Town,no_station
ET031223,Midre Genet,no_station
ET030619,Sedae,no_station
ET010209,Naeder,no_station
ET040893,Shanan Kolu,no_station
ET042104,Rayitu,no_station
ET060206,Pawe,no_station
ET040403,Sekoru,no_station
ET070212,Shone Town,no_station
ET041314,Sodo Daci,no_station
ET060304,Sherkole,no_station
ET072007,Misrak Azenet Berbere,no_station
ET050606,Mustahil,G1904
ET072004,Mierab Azenet Berbere,no_station
ET030504,Moretna Jiru,no_station
ET040211,Sasiga,no_station
ET050103,Shinile,G4954
ET040491,Omo Beyam,no_station
ET050809,Raso,no_station
ET010601,Saharti,no_station
ET050204,Shabeeley,no_station
ET010401,Selewa,no_station
ET041711,Shashemene town,no_station
ET041109,Sinana,no_station
ET010606,Samre,no_station
ET041405,Odo Shakiso,no_station
ET070206,Soro,no_station
ET070216,Siraro Badawacho,no_station
ET030701,Semen Achefer,G4977
ET030595,Shoa Robit,no_station
ET041412,Saba Boru,no_station
ET160001,Shebe Dino,no_station
ET041499,Shakiso town,no_station
ET040404,Tiro Afeta,no_station
ET010104,Tahtay Koraro,no_station
ET070906,Tullo,no_station
ET041902,Shambu town,no_station
ET071108,Size town,no_station
ET030510,Tarema Ber,no_station
ET040409,Seka Chekorsa,no_station
ET042005,Sululta town,no_station
ET050295,Wajale town,no_station
ET041296,Yabelo town,no_station
ET030405,Thehulederie,no_station
ET050805,West Imi,G1907
ET050704,Warder,no_station
ET041802,Yama Logi Welel,no_station
ET040112,Yubdo,no_station
ET030206,Tach Gayint,no_station
ET072002,Silti,no_station
ET020403,Teru,no_station
ET031107,Tsegede (AM),no_station
ET040413,Setema,no_station
ET050503,Shilabo,no_station
ET130101,Sofi,G5068
ET042014,Welmera,no_station
ET072010,Worabe town,no_station
ET071504,Uba Debre Tsehay,no_station
ET030211,West Esite,no_station
ET041219,Dilo,no_station
ET070310,Shinshincho town,no_station
ET040414,Shebe Sambo,no_station
ET030523,Siya Debirna Wayu,no_station
ET030305,Wadla,no_station
ET010206,Tahtay Mayechew,no_station
ET040813,Tena,no_station
ET030416,Wegde,no_station
ET010106,Tselemti,no_station
ET040816,Tiyo,no_station
ET030309,Woldiya town,no_station
ET071101,Sheko,no_station
ET070512,Yirgachefe town,no_station
ET160036,Wondo-Genet town,no_station
ET070105,Sodo,no_station
ET050498,Yahob,no_station
ET040412,Sigmo,no_station
ET010314,Tsaeda Emba,no_station
ET040509,Tikur Enchini,G6110
ET070914,Wacha,no_station
ET030711,Wemberma,no_station
ET120104,Wantawo,G5056
ET010222,Tanqua Melashe,no_station
ET070913,Shisho Ande,no_station
ET041302,Wenchi,no_station
ET010608,Wajirat,no_station
ET030402,Tenta,no_station
ET031109,Wegera,no_station
ET160019,Wondo-Genet,no_station
ET010113,Tsimbla,no_station
ET041308,Tole,no_station
ET010309,Wukro town,no_station
ET070804,Tepi,no_station
ET041701,Siraro,no_station
ET040808,Sude,no_station
ET040903,Tulo (OR),no_station
ET041797,Wondo,no_station
ET070502,Yirgachefe,no_station
ET071402,Wera,no_station
ET040517,Toke Kutaye,no_station
ET071503,Zala,no_station
ET040608,Wuchale,no_station
ET150207,Wahil,no_station
ET030997,Zigem,no_station
ET070613,Sodo Town,no_station
ET071707,Tercha Zuriya,no_station
ET030293,Woreta town,no_station
ET070114,Welkite town,no_station
ET041212,Teltale,G5173
ET030808,Tsagbeji,no_station
ET010413,Zata,no_station
ET040216,Wama Hagalo,no_station
ET031125,West Dembiya,no_station
ET040614,Yaya Gulele,no_station
ET040415,Chora (Jimma),no_station
ET072009,Tora town,no_station
ET031116,West Belesa,no_station
ET070605,Sodo Zuria,no_station
ET070711,Wub Ari,no_station
ET072401,Yem SP Woreda,G6109
ET041303,Waliso,no_station
ET050382,Yocale,no_station
ET070501,Wenago,G4979
ET140107,Yeka,no_station
ET030119,Telemt,no_station
ET040601,Wara Jarso,no_station
ET030415,Were Ilu,no_station
ET071701,Tocha,no_station
ET041298,Wachile,no_station
ET030422,Worebabu,G1045
ET040806,Ziway Dugda,no_station
ET010318,Zala Anbesa town,no_station
ET041408,Dama,no_station
ET040206,Wayu Tuka,no_station
ET160013,Wonosho,no_station
ET041404,Wadera,no_station
ET040309,Yayu,no_station
ET071710,Zabagazo,no_station
ET040312,Bure (OR),no_station
ET020501,Telalek,no_station
ET071404,Wera Djo,no_station
ET042106,Dawe Ketchen,no_station
ET031122,Kinfaz,no_station
ET010509,May Gaba,no_station
ET050502,Kebridehar,no_station
ET071303,Karat Zuria,no_station
ET010221,Keyhe tekli,no_station
ET030410,Legambo,no_station
ET050297,Koran /Mulla,no_station
ET020202,Kunneba,no_station
ET041811,Lalo Kile,no_station
ET030202,Libokemekem,G4965
ET071702,Mareka,no_station
ET030409,Dessie Zuria,no_station
ET040501,Ginde Beret,no_station
ET160020,Yirgalem town,no_station
ET031199,Aykel town,no_station
ET070210,Gibe,no_station
ET040116,Begi,no_station
ET140110,Gulele,no_station
ET070614,Areka town,no_station
ET041596,Birbirsa Kojowa,no_station
ET040106,Boji Dirmeji,no_station
ET040513,Adda Berga,no_station
ET070621,Abela Abaya,no_station
ET010311,Edaga Hamus town,no_station
ET041301,Ameya,no_station
ET020109,Adar,no_station
ET040609,Abichugna Gne'a,no_station
ET041411,Ana Sora,no_station
ET050306,Bilcil-Bur,no_station
ET030712,Bahir Dar town,no_station
ET041016,Girawa,no_station
ET020103,Asayita,G1045
ET040208,Gobu Seyo,no_station
ET040810,Amigna,no_station
ET041517,Gelana (West Guji),no_station
ET030718,Gonje,no_station
ET041606,Gechi,no_station
ET030303,Gidan,no_station
ET030307,Guba Lafto,no_station
ET041497,Gumi Idalo,no_station
ET040203,Gida Ayana,no_station
ET050903,Goro Baqaqsa,no_station
ET041223,Gomole,no_station
ET040807,Hitosa,no_station
ET070606,Kindo Koyesha,no_station
ET031003,Jilye Tumuga,no_station
ET040418,Jimma town,no_station
ET120407,Itang,G1603
ET041004,Babile (OR),no_station
ET042009,Sebeta town,no_station
ET040110,Boji Chekorsa,no_station
ET040804,Jeju,no_station
ET040998,Burqua Dhintu,no_station
ET040207,Bila Seyo,no_station
ET040301,Darimu,no_station
ET072304,Derashe Special,no_station
ET030901,Dangila,no_station
ET160025,Dara Otilicho,no_station
ET040519,Ifata,no_station
ET050899,God-God,no_station
ET050608,Berocano,no_station
ET040910,Boke,no_station
ET050702,Bokh,no_station
ET041710,Adaba,no_station
ET030401,Argoba,no_station
ET041122,Dinsho,no_station
ET040902,Doba,no_station
ET040315,Bilo Nopha,no_station
ET040823,Bele Gesgar,no_station
ET010402,Bora (TG),no_station
ET040706,Ada'a,no_station
ET030406,Delanta,no_station
ET050902,Dolo Odo,G5141
ET060404,Dembi,no_station
ET030104,Debark,no_station
ET070301,Tembaro,no_station
ET040416,Gumay,no_station
ET070601,Boloso Sore,no_station
ET030902,Banja,no_station
ET010215,Ahsea,no_station
ET030412,Borena /Debresina,no_station
ET040205,Boneya Boshe,no_station
ET070507,Dila town,no_station
ET040506,Bako Tibe,no_station
ET050303,Aware,no_station
ET041798,Bishan Guracha,no_station
ET010310,Bizet,no_station
ET030805,Abergele (AM),no_station
ET042012,Akaki,no_station
ET030612,Awabel,no_station
ET010504,Setit Humera,no_station
ET040914,Bedesa,no_station
ET030601,Bibugn,no_station
ET050599,Bodaley,no_station
ET041807,Anfilo,no_station
ET030101,Addi Arekay,no_station
ET041513,Abaya,no_station
ET050602,Adadle,no_station
ET050999,Bokolmayo,no_station
ET160027,Chirone,no_station
ET030209,Dera (AM),G4957
ET072203,Burji Special,no_station
ET040602,Dera (OR),no_station
ET071505,Gezei Gofa,no_station
ET041013,Bedeno,no_station
ET050198,Gota-Biki,no_station
ET160009,Aroresa,no_station
ET120201,Abobo,no_station
ET070309,Adilo,no_station
ET040703,Adama,G1074
ET030519,Basona Worena,no_station
ET041605,Dabo Hana,no_station
ET040909,Daro Lebu,no_station
ET070204,Shashogo,no_station
ET160008,Bensa,no_station
ET030313,Angot,no_station
ET040822,Diksis,no_station
ET051001,Ayun,no_station
ET041492,Adola town,no_station
ET020401,Awra (AF),no_station
ET070710,Boko Dawula,no_station
ET160033,Darara,no_station
ET040511,Ejere /Addis Alem,no_station
ET041515,Dugda Dawa,no_station
ET050199,Gablalu,no_station
ET020304,Dulecha,G1067
ET050402,Fik,no_station
ET041017,Golo Oda,no_station
ET050901,Filtu,G5115
ET041116,Goro (Bale),no_station
ET040818,Limu Bilbilo,no_station
ET041014,Midhaga Tola,no_station
ET010303,Saesie,no_station
ET071711,Tercha town,no_station
ET041594,Suro Berguda,no_station
ET120202,Gambela Zuria,no_station
ET010602,Enderta,no_station
ET120103,Jikawo,G1603
ET040704,Lome (OR),no_station
ET040310,Metu Zuria,no_station
ET040102,Nejo,no_station
ET071105,Semen Bench,no_station
ET041712,Shashemene Zuria,no_station
ET070616,Tebela town,no_station
ET160026,Teticha,no_station
ET010103,Zana,no_station
ET020110,Gerani,no_station
ET040213,Guto Gida,no_station
ET041908,Jarte Jardega,no_station
ET010508,Korarit,no_station
ET030906,Jawi,no_station
ET030103,Janamora,no_station
ET030807,Sekota town,no_station
ET041407,Liben,no_station
ET030397,Mersa town,no_station
ET040197,Leta Sibu,no_station
ET020404,Yalo,no_station
ET030423,Wereilu town,no_station
ET042103,Ginir,G1902
ET071011,Kemba,G1901
ET040105,Kiltu Kara,no_station
ET071012,Kemba town,no_station
ET051198,Qada Duma,no_station
ET070702,South Ari,no_station
ET020502,Samurobi,G1067
ET030614,Shebel Bernta,no_station
ET031120,Tach Armacho,no_station
ET010503,Tsegede (TG),no_station
ET041311,Woliso town,no_station
ET050499,Wangey,no_station
ET070912,Goba (SP),no_station
ET050806,Hargele,no_station
ET040518,Jibat,no_station
ET150105,Legehare,no_station
ET042102,Lege Hida,G5076
ET071509,Melo Gada,no_station
ET031121,Takusa,no_station
ET042105,Seweyna,G5081
ET030703,Yilmana Densa,G4953
ET030904,Guangua,no_station
ET070101,Kebena,no_station
ET040824,Inkolo Wabe,no_station
ET041307,Kersana Malima,no_station
ET040821,Lude Hitosa,no_station
ET030505,Menze Gera Midir,no_station
ET060402,Sedal,no_station
ET071806,Surma,no_station
ET030709,Jabi Tehnan,no_station
ET041906,Jimma Genete,no_station
ET070503,Kochere,no_station
ET041007,Kurfa Chele,G5068
ET050407,Lagahida,no_station
ET031206,Mirab Armacho,no_station
ET041709,Nenesebo,no_station
ET051004,Salahad,no_station
ET040814,Shirka,no_station
ET041401,Uraga,no_station
ET042013,Sululta,no_station
ET030407,Kalu,no_station
ET050207,Harshin,no_station
ET041098,Kumbi,no_station
ET050107,Miesso,no_station
ET050586,Marsin,no_station
ET030304,Meket,no_station
ET040115,Nole Kaba,no_station
ET041805,Sayo,no_station
ET050283,Tuliguled,no_station
ET060308,Undulu,no_station
ET030801,Zequala,no_station
ET010501,Kafta Humera,no_station
ET010701,Mekelle,no_station
ET051103,Moyale (SM),no_station
ET041112,Mena (Bale),no_station
ET070701,Salamago,G1901
ET010502,Welkait,no_station
ET031213,Metema,no_station
ET030310,Lasta,no_station
ET070708,Nyngatom,no_station
ET040820,Sire,no_station
ET060203,Wenbera,no_station
ET010101,Tahtay Adiyabo,no_station
ET041207,Yabelo,G5173
ET070803,Yeki,no_station
ET060401,Zayi,no_station
