wards,parentCode,placeCode,glofasStation
Tirioko,KE030157,KE0301570781,no_station
Kollowa,KE030157,KE0301570782,no_station
Ribkwo,KE030157,KE0301570783,no_station
Silale,KE030157,KE0301570784,no_station
Loiyamorok,KE030157,KE0301570785,no_station
Tangulbei/Korossi,KE030157,KE0301570786,no_station
Churo/Amaya,KE030157,KE0301570787,no_station
Barwessa,KE030158,KE0301580788,no_station
Kabartonjo,KE030158,KE0301580789,no_station
Saimo/Kipsaram,KE030158,KE0301580790,no_station
Saimo/Soi,KE030158,KE0301580791,no_station
Bartabwa,KE030158,KE0301580792,no_station
Kabarnet,KE030159,KE0301590793,no_station
Sacho,KE030159,KE0301590794,no_station
Tenges,KE030159,KE0301590795,no_station
Ewalel/Chapchap,KE030159,KE0301590796,no_station
Kapropita,KE030159,KE0301590797,no_station
Marigat,KE030160,KE0301600798,no_station
Ilchamus,KE030160,KE0301600799,no_station
Mochongoi,KE030160,KE0301600800,no_station
Mukutan,KE030160,KE0301600801,no_station
Mogotio,KE030161,KE0301610802,no_station
Emining,KE030161,KE0301610803,no_station
Kisanana,KE030161,KE0301610804,no_station
Lembus,KE030162,KE0301620805,no_station
Lembus Kwen,KE030162,KE0301620806,no_station
Ravine,KE030162,KE0301620807,no_station
Mumberes/Maji Mazuri,KE030162,KE0301620808,no_station
Lembus/Perkerra,KE030162,KE0301620809,no_station
Koibatek,KE030162,KE0301620810,no_station
Ndanai/Abosi,KE036194,KE0361940966,no_station
Chemagel,KE036194,KE0361940967,no_station
Kipsonoi,KE036194,KE0361940968,no_station
Kapletundo,KE036194,KE0361940969,no_station
Rongena/Chebilat,KE036194,KE0361940970,no_station
Kong'asis,KE036195,KE0361950971,no_station
Nyangores,KE036195,KE0361950972,no_station
Sigor,KE036195,KE0361950973,no_station
Chebunyo,KE036195,KE0361950974,no_station
Siongiroi,KE036195,KE0361950975,no_station
Merigi,KE036196,KE0361960976,no_station
Kembu,KE036196,KE0361960977,no_station
Longisa,KE036196,KE0361960978,no_station
Kipreres,KE036196,KE0361960979,no_station
Chemaner,KE036196,KE0361960980,no_station
Silibwet Township,KE036197,KE0361970981,no_station
Ndaraweta,KE036197,KE0361970982,no_station
Sigorwet,KE036197,KE0361970983,no_station
Cheseon,KE036197,KE0361970984,no_station
Mutarakwa,KE036197,KE0361970985,no_station
Chepchabas,KE036198,KE0361980986,no_station
Kimulot,KE036198,KE0361980987,no_station
Mogogosieki,KE036198,KE0361980988,no_station
Boito,KE036198,KE0361980989,no_station
Embomos,KE036198,KE0361980990,no_station
Cheptais,KE039216,KE0392161076,no_station
Chesikaki,KE039216,KE0392161077,no_station
Chepyuk,KE039216,KE0392161078,no_station
Kapkateny,KE039216,KE0392161079,no_station
Kaptama,KE039216,KE0392161080,no_station
Elgon,KE039216,KE0392161081,no_station
Namwela,KE039217,KE0392171082,no_station
Malakisi/South Kulisiru,KE039217,KE0392171083,no_station
Lwandanyi,KE039217,KE0392171084,no_station
Kabuchai/Chwele,KE039218,KE0392181085,no_station
West Nalondo,KE039218,KE0392181086,no_station
Bwake/Luuya,KE039218,KE0392181087,no_station
Mukuyuni,KE039218,KE0392181088,no_station
South Bukusu,KE039219,KE0392191089,no_station
Bumula,KE039219,KE0392191090,no_station
Khasoko,KE039219,KE0392191091,no_station
Kabula,KE039219,KE0392191092,no_station
Kimaeti,KE039219,KE0392191093,no_station
West Bukusu,KE039219,KE0392191094,no_station
Siboti,KE039219,KE0392191095,no_station
Bukembe West,KE039220,KE0392201096,no_station
Bukembe East,KE039220,KE0392201097,no_station
Township,KE039220,KE0392201098,no_station
Khalaba,KE039220,KE0392201099,no_station
Musikoma,KE039220,KE0392201100,no_station
East Sang'alo,KE039220,KE0392201101,no_station
Marakary/Tuuti,KE039220,KE0392201102,no_station
West Sang'alo,KE039220,KE0392201103,no_station
Mihuu,KE039221,KE0392211104,no_station
Ndivisi,KE039221,KE0392211105,no_station
Maraka,KE039221,KE0392211106,no_station
Misikhu,KE039222,KE0392221107,no_station
Sitikho,KE039222,KE0392221108,G5195
Matulo,KE039222,KE0392221109,no_station
Bokoli,KE039222,KE0392221110,no_station
Kibingei,KE039223,KE0392231111,no_station
Kimilili,KE039223,KE0392231112,no_station
Maeni,KE039223,KE0392231113,no_station
Kamukuywa,KE039223,KE0392231114,no_station
Mbakalo,KE039224,KE0392241115,no_station
Naitiri/Kabuyefwe,KE039224,KE0392241116,no_station
Milima,KE039224,KE0392241117,no_station
Ndalu,KE039224,KE0392241118,no_station
Tongaren,KE039224,KE0392241119,no_station
Soysambu/Mitua,KE039224,KE0392241120,no_station
Malaba Central,KE040225,KE0402251121,no_station
Malaba North,KE040225,KE0402251122,no_station
Ang'urai South,KE040225,KE0402251123,no_station
Ang'urai North,KE040225,KE0402251124,no_station
Ang'urai East,KE040225,KE0402251125,no_station
Malaba South,KE040225,KE0402251126,no_station
Angorom,KE040226,KE0402261127,no_station
Chakol South,KE040226,KE0402261128,no_station
Chakol North,KE040226,KE0402261129,no_station
Amukura West,KE040226,KE0402261130,no_station
Amukura East,KE040226,KE0402261131,no_station
Amukura Central,KE040226,KE0402261132,no_station
Nambale,KE040227,KE0402271133,no_station
Bukhayo North/Walatsi,KE040227,KE0402271134,no_station
Bukhayo East,KE040227,KE0402271135,no_station
Bukhayo Central,KE040227,KE0402271136,no_station
Bukhayo West,KE040228,KE0402281137,no_station
Mayenje,KE040228,KE0402281138,no_station
Matayos South,KE040228,KE0402281139,no_station
Busibwabo,KE040228,KE0402281140,no_station
Burumba,KE040228,KE0402281141,no_station
Marachi West,KE040229,KE0402291142,no_station
Kingandole,KE040229,KE0402291143,no_station
Marachi Central,KE040229,KE0402291144,no_station
Marachi East,KE040229,KE0402291145,no_station
Marachi North,KE040229,KE0402291146,no_station
Elugulu,KE040229,KE0402291147,no_station
Namboboto/Nambuku,KE040230,KE0402301148,no_station
Nangina,KE040230,KE0402301149,G5195
Ageng'a Nanguba,KE040230,KE0402301150,G5195
Bwiri,KE040230,KE0402301151,G5195
Bunyala Central,KE040231,KE0402311152,no_station
Bunyala North,KE040231,KE0402311153,G5195
Bunyala West,KE040231,KE0402311154,G5195
Bunyala South,KE040231,KE0402311155,G5195
Kapyego,KE028147,KE0281470731,no_station
Sambirir,KE028147,KE0281470732,no_station
Endo,KE028147,KE0281470733,no_station
Embobut/Embulot,KE028147,KE0281470734,no_station
Lelan,KE028148,KE0281480735,no_station
Sengwer,KE028148,KE0281480736,no_station
Cheragany/Chebororwa,KE028148,KE0281480737,no_station
Moiben/Kuserwo,KE028148,KE0281480738,no_station
Kapsowar,KE028148,KE0281480739,no_station
Arror,KE028148,KE0281480740,no_station
Kimariny,KE028149,KE0281490741,no_station
Emsoo,KE028149,KE0281490742,no_station
Tambach,KE028149,KE0281490743,no_station
Kapchemutwa,KE028149,KE0281490744,no_station
Kaptarakwa,KE028150,KE0281500745,no_station
Chepkorio,KE028150,KE0281500746,no_station
Soy North,KE028150,KE0281500747,no_station
Soy South,KE028150,KE0281500748,no_station
Kabiemit,KE028150,KE0281500749,no_station
Metkei,KE028150,KE0281500750,no_station
Ruguru-Ngandori,KE014063,KE0140630311,no_station
Kithimu,KE014063,KE0140630312,no_station
Nginda,KE014063,KE0140630313,no_station
Mbeti North,KE014063,KE0140630314,no_station
Kirimani,KE014063,KE0140630315,no_station
Gaturi South,KE014063,KE0140630316,no_station
Gaturi North,KE014064,KE0140640317,no_station
Kagaari South,KE014064,KE0140640318,no_station
Central,KE014064,KE0140640319,no_station
Kagaari North,KE014064,KE0140640320,no_station
Kyeni North East,KE014064,KE0140640321,no_station
Kyeni South,KE014064,KE0140640322,no_station
Mwea,KE014065,KE0140650323,no_station
Makima,KE014065,KE0140650324,no_station
Mbeti South,KE014065,KE0140650325,no_station
Mavuria,KE014065,KE0140650326,no_station
Kiambere,KE014065,KE0140650327,no_station
Nthawa,KE014066,KE0140660328,no_station
Muminji,KE014066,KE0140660329,no_station
Evurore,KE014066,KE0140660330,no_station
Township,KE007027,KE0070270131,no_station
Galbet,KE007027,KE0070270132,no_station
Township,KE007027,KE0070270133,no_station
Township,KE007027,KE0070270134,no_station
Balambala,KE007028,KE0070280135,no_station
Danyere,KE007028,KE0070280136,no_station
Jarajara,KE007028,KE0070280137,no_station
Saka,KE007028,KE0070280138,no_station
Sankuri,KE007028,KE0070280139,no_station
Modogashe,KE007029,KE0070290140,no_station
Benane,KE007029,KE0070290141,no_station
Goreale,KE007029,KE0070290142,no_station
Maalamin,KE007029,KE0070290143,no_station
Sabena,KE007029,KE0070290144,no_station
Baraki,KE007029,KE0070290145,no_station
Dertu,KE007030,KE0070300146,no_station
Dadaab,KE007030,KE0070300147,no_station
Labisigale,KE007030,KE0070300148,no_station
Damajale,KE007030,KE0070300149,no_station
Liboi,KE007030,KE0070300150,no_station
Abakaile,KE007030,KE0070300151,no_station
Bura,KE007031,KE0070310152,no_station
Dekaharia,KE007031,KE0070310153,no_station
Jarajila,KE007031,KE0070310154,no_station
Fafi,KE007031,KE0070310155,no_station
Nanighi,KE007031,KE0070310156,no_station
Hulugho,KE007032,KE0070320157,no_station
Sangailu,KE007032,KE0070320158,no_station
Ijara,KE007032,KE0070320159,no_station
Masalani,KE007032,KE0070320160,no_station
West Kasipul,KE043245,KE0432451221,no_station
South Kasipul,KE043245,KE0432451222,no_station
Central Kasipul,KE043245,KE0432451223,no_station
East Kamagak,KE043245,KE0432451224,no_station
West Kamagak,KE043245,KE0432451225,no_station
Kabondo East,KE043246,KE0432461226,no_station
Kabondo West,KE043246,KE0432461227,no_station
Kokwanyo/Kakelo,KE043246,KE0432461228,no_station
Kojwach,KE043246,KE0432461229,no_station
West Karachuonyo,KE043247,KE0432471230,no_station
North Karachuonyo,KE043247,KE0432471231,no_station
Central,KE043247,KE0432471232,no_station
Kanyaluo,KE043247,KE0432471233,no_station
Kibiri,KE043247,KE0432471234,no_station
Wang'chieng,KE043247,KE0432471235,no_station
Kendu Bay Town,KE043247,KE0432471236,no_station
West Gem,KE043248,KE0432481237,no_station
East Gem,KE043248,KE0432481238,no_station
Kagan,KE043248,KE0432481239,no_station
Kochia,KE043248,KE0432481240,no_station
Homa Bay Central,KE043249,KE0432491241,no_station
Homa Bay Arujo,KE043249,KE0432491242,no_station
Homa Bay West,KE043249,KE0432491243,no_station
Homa Bay East,KE043249,KE0432491244,no_station
Kwabwai,KE043250,KE0432501245,no_station
Kanyadoto,KE043250,KE0432501246,no_station
Kanyikela,KE043250,KE0432501247,no_station
Kabuoch North,KE043250,KE0432501248,no_station
Kabuoch/Pala,KE043250,KE0432501249,no_station
Kanyamwa Kologi,KE043250,KE0432501250,no_station
Kanyamwa Kosewe,KE043250,KE0432501251,no_station
Mfangano Island,KE043251,KE0432511252,no_station
Rusinga Island,KE043251,KE0432511253,no_station
Kasgunga,KE043251,KE0432511254,no_station
Gembe,KE043251,KE0432511255,no_station
Lambwe,KE043251,KE0432511256,no_station
Gwassi South,KE043252,KE0432521257,no_station
Gwassi North,KE043252,KE0432521258,no_station
Kaksingiri West,KE043252,KE0432521259,no_station
Kaksingiri East,KE043252,KE0432521260,no_station
Wabera,KE011049,KE0110490241,no_station
Bula Pesa,KE011049,KE0110490242,no_station
Chari,KE011049,KE0110490243,no_station
Cherab,KE011049,KE0110490244,no_station
Ngare Mara,KE011049,KE0110490245,no_station
Burat,KE011049,KE0110490246,no_station
Oldonyiro,KE011049,KE0110490247,no_station
Garbatulla,KE011050,KE0110500248,no_station
Kinna,KE011050,KE0110500249,no_station
Sericho,KE011050,KE0110500250,no_station
Olkeri,KE034183,KE0341830911,no_station
Ongat Rongai,KE034183,KE0341830912,no_station
Nkaimurunya,KE034183,KE0341830913,no_station
Oloolua,KE034183,KE0341830914,no_station
Ngong,KE034183,KE0341830915,no_station
Purko,KE034184,KE0341840916,no_station
Ildamat,KE034184,KE0341840917,no_station
Dalalekutuk,KE034184,KE0341840918,no_station
Matapato North,KE034184,KE0341840919,no_station
Matapato South,KE034184,KE0341840920,no_station
Kaputiei North,KE034185,KE0341850921,no_station
Kitengela,KE034185,KE0341850922,no_station
Oloosirkon/Sholinke,KE034185,KE0341850923,no_station
Kenyewa-Poka,KE034185,KE0341850924,no_station
Imaroro,KE034185,KE0341850925,no_station
Keekonyokie,KE034186,KE0341860926,no_station
Oloodokilan,KE034186,KE0341860927,no_station
Magadi,KE034186,KE0341860928,no_station
Ewuaso Kedong,KE034186,KE0341860929,no_station
Mosiro,KE034186,KE0341860930,no_station
Entonet/Lengism,KE034187,KE0341870931,no_station
Imbirikani/Esselengei,KE034187,KE0341870932,no_station
Kuku,KE034187,KE0341870933,no_station
Rombo,KE034187,KE0341870934,no_station
Kimana,KE034187,KE0341870935,no_station
Mautuma,KE037199,KE0371990991,no_station
Lugari,KE037199,KE0371990992,no_station
Lumakanda,KE037199,KE0371990993,no_station
Chekalini,KE037199,KE0371990994,no_station
Chevaywa,KE037199,KE0371990995,G5195
Luandeti,KE037199,KE0371990996,no_station
Likuyani,KE037200,KE0372000997,no_station
Sango,KE037200,KE0372000998,no_station
Kongoni,KE037200,KE0372000999,no_station
Nzoia,KE037200,KE0372001000,no_station
Sinoko,KE037200,KE0372001001,no_station
West Kabras,KE037201,KE0372011002,no_station
Chemuche,KE037201,KE0372011003,no_station
East Kabras,KE037201,KE0372011004,no_station
Butali/Chegulo,KE037201,KE0372011005,no_station
Manda/Shivanga,KE037201,KE0372011006,no_station
Shirugu/Mugai,KE037201,KE0372011007,no_station
South Kabras,KE037201,KE0372011008,no_station
Butsotso East,KE037202,KE0372021009,no_station
South Butsotso,KE037202,KE0372021010,no_station
Central Butsotso,KE037202,KE0372021011,no_station
Shieywe,KE037202,KE0372021012,no_station
Mahiakalo,KE037202,KE0372021013,no_station
Shirere,KE037202,KE0372021014,no_station
Ingotse-Matiha,KE037203,KE0372031015,no_station
Shinoyi-Shikomari-Esumeiya,KE037203,KE0372031016,no_station
Bunyala West,KE037203,KE0372031017,no_station
Bunyala East,KE037203,KE0372031018,no_station
Bunyala Central,KE037203,KE0372031019,no_station
Mumias Central,KE037204,KE0372041020,no_station
Mumias North,KE037204,KE0372041021,no_station
Etenje,KE037204,KE0372041022,no_station
Musanda,KE037204,KE0372041023,no_station
Lusheya/Lubinu,KE037205,KE0372051024,no_station
Malaha/Isongo/Makunga,KE037205,KE0372051025,no_station
East Wanga,KE037205,KE0372051026,no_station
Koyonzo,KE037206,KE0372061027,no_station
Kholera,KE037206,KE0372061028,no_station
Khalaba,KE037206,KE0372061029,no_station
Mayoni,KE037206,KE0372061030,no_station
Namamali,KE037206,KE0372061031,no_station
Marama West,KE037207,KE0372071032,no_station
Marama Central,KE037207,KE0372071033,no_station
Marenyo/Shianda,KE037207,KE0372071034,no_station
Marama North,KE037207,KE0372071035,no_station
Marama South,KE037207,KE0372071036,no_station
Kisa North,KE037208,KE0372081037,no_station
Kisa East,KE037208,KE0372081038,no_station
Kisa West,KE037208,KE0372081039,no_station
Kisa Central,KE037208,KE0372081040,no_station
Isukha North,KE037209,KE0372091041,no_station
Murhanda,KE037209,KE0372091042,no_station
Isukha Central,KE037209,KE0372091043,no_station
Isukha South,KE037209,KE0372091044,no_station
Isukha East,KE037209,KE0372091045,no_station
Isukha West,KE037209,KE0372091046,no_station
Idakho South,KE037210,KE0372101047,no_station
Idakho East,KE037210,KE0372101048,no_station
Idakho North,KE037210,KE0372101049,no_station
Idakho Central,KE037210,KE0372101050,no_station
Londiani,KE035188,KE0351880936,no_station
Kedowa/Kimugul,KE035188,KE0351880937,no_station
Chepseon,KE035188,KE0351880938,no_station
Tendeno/Sorget,KE035188,KE0351880939,no_station
Kunyak,KE035189,KE0351890940,no_station
Kamasian,KE035189,KE0351890941,no_station
Kipkelion,KE035189,KE0351890942,no_station
Chilchila,KE035189,KE0351890943,no_station
Kapsoit,KE035190,KE0351900944,no_station
Ainamoi,KE035190,KE0351900945,no_station
Kapkugerwet,KE035190,KE0351900946,no_station
Kipchebor,KE035190,KE0351900947,no_station
Kipchimchim,KE035190,KE0351900948,no_station
Kapsaos,KE035190,KE0351900949,no_station
Kisiara,KE035191,KE0351910950,no_station
Tebesonik,KE035191,KE0351910951,no_station
Cheboin,KE035191,KE0351910952,no_station
Chemosot,KE035191,KE0351910953,no_station
Litein,KE035191,KE0351910954,no_station
Cheplanget,KE035191,KE0351910955,no_station
Kapkatet,KE035191,KE0351910956,no_station
Waldai,KE035192,KE0351920957,no_station
Kabianga,KE035192,KE0351920958,no_station
Cheptororiet/Seretut,KE035192,KE0351920959,no_station
Chaik,KE035192,KE0351920960,no_station
Kapsuser,KE035192,KE0351920961,no_station
Sigowet,KE035193,KE0351930962,no_station
Kaplelartet,KE035193,KE0351930963,no_station
Soliat,KE035193,KE0351930964,no_station
Soin,KE035193,KE0351930965,no_station
Kiamwangi,KE022111,KE0221110551,no_station
Kiganjo,KE022111,KE0221110552,no_station
Ndarugu,KE022111,KE0221110553,no_station
Ngenda,KE022111,KE0221110554,no_station
Gituamba,KE022112,KE0221120555,no_station
Githobokoni,KE022112,KE0221120556,no_station
Chania,KE022112,KE0221120557,no_station
Mangu,KE022112,KE0221120558,no_station
Murera,KE022113,KE0221130559,no_station
Theta,KE022113,KE0221130560,no_station
Juja,KE022113,KE0221130561,no_station
Witeithie,KE022113,KE0221130562,no_station
Kalimoni,KE022113,KE0221130563,no_station
Township,KE022114,KE0221140564,no_station
Kamenu,KE022114,KE0221140565,no_station
Hospital,KE022114,KE0221140566,no_station
Gatuanyaga,KE022114,KE0221140567,no_station
Ngoliba,KE022114,KE0221140568,no_station
Gitothua,KE022115,KE0221150569,no_station
Biashara,KE022115,KE0221150570,no_station
Gatongora,KE022115,KE0221150571,no_station
Kahawa Sukari,KE022115,KE0221150572,no_station
Kahawa Wendani,KE022115,KE0221150573,no_station
Kiuu,KE022115,KE0221150574,no_station
Mwiki,KE022115,KE0221150575,no_station
Mwihoko,KE022115,KE0221150576,no_station
Githunguri,KE022116,KE0221160577,no_station
Githiga,KE022116,KE0221160578,no_station
Ikinu,KE022116,KE0221160579,no_station
Ngewa,KE022116,KE0221160580,no_station
Komothai,KE022116,KE0221160581,no_station
Ting'ang'a,KE022117,KE0221170582,no_station
Ndumberi,KE022117,KE0221170583,no_station
Riabai,KE022117,KE0221170584,no_station
Township,KE022117,KE0221170585,no_station
Cianda,KE022118,KE0221180586,no_station
Karuri,KE022118,KE0221180587,no_station
Nenderu,KE022118,KE0221180588,no_station
Muchatha,KE022118,KE0221180589,no_station
Kihara,KE022118,KE0221180590,no_station
Gitaru,KE022119,KE0221190591,no_station
Muguga,KE022119,KE0221190592,no_station
Nyathuna,KE022119,KE0221190593,no_station
Kabete,KE022119,KE0221190594,no_station
Uthiru,KE022119,KE0221190595,no_station
Karai,KE022120,KE0221200596,no_station
Nachu,KE022120,KE0221200597,no_station
Sigona,KE022120,KE0221200598,no_station
Kikuyu,KE022120,KE0221200599,no_station
Kinoo,KE022120,KE0221200600,no_station
Bibirioni,KE022121,KE0221210601,no_station
Limuru Central,KE022121,KE0221210602,no_station
Ndeiya,KE022121,KE0221210603,no_station
Limuru East,KE022121,KE0221210604,no_station
Ngecha/Tigoni,KE022121,KE0221210605,no_station
Kinale,KE022122,KE0221220606,no_station
Kijabe,KE022122,KE0221220607,no_station
Nyanduma,KE022122,KE0221220608,no_station
Kamburu,KE022122,KE0221220609,no_station
Lari/Kirenga,KE022122,KE0221220610,no_station
Tezo,KE003011,KE0030110051,no_station
Sokoni,KE003011,KE0030110052,no_station
Kibarani,KE003011,KE0030110053,no_station
Dabaso,KE003011,KE0030110054,no_station
Matsangoni,KE003011,KE0030110055,no_station
Watamu,KE003011,KE0030110056,no_station
Mnarani,KE003011,KE0030110057,no_station
Junju,KE003012,KE0030120058,no_station
Mwarakaya,KE003012,KE0030120059,no_station
Shimo La Tewa,KE003012,KE0030120060,no_station
Chasimba,KE003012,KE0030120061,no_station
Mtepeni,KE003012,KE0030120062,no_station
Mariakani,KE003013,KE0030130063,no_station
Kayafungo,KE003013,KE0030130064,no_station
Kaloleni,KE003013,KE0030130065,no_station
Mwanamwinga,KE003013,KE0030130066,no_station
Mwawesa,KE003014,KE0030140067,no_station
Ruruma,KE003014,KE0030140068,no_station
Kambe/Ribe,KE003014,KE0030140069,no_station
Rabai/Kisurutini,KE003014,KE0030140070,no_station
Ganze,KE003015,KE0030150071,no_station
Bamba,KE003015,KE0030150072,G5142
Jaribuni,KE003015,KE0030150073,no_station
Sokoke,KE003015,KE0030150074,G5142
Jilore,KE003016,KE0030160075,G5142
Kakuyuni,KE003016,KE0030160076,G5142
Ganda,KE003016,KE0030160077,no_station
Malindi Town,KE003016,KE0030160078,no_station
Shella,KE003016,KE0030160079,no_station
Marafa,KE003017,KE0030170080,G5142
Magarini,KE003017,KE0030170081,no_station
Gongoni,KE003017,KE0030170082,no_station
Adu,KE003017,KE0030170083,G5142
Garashi,KE003017,KE0030170084,G5142
Sabaki,KE003017,KE0030170085,no_station
Mutithi,KE020100,KE0201000496,no_station
Kangai,KE020100,KE0201000497,no_station
Thiba,KE020100,KE0201000498,no_station
Wamumu,KE020100,KE0201000499,no_station
Nyangati,KE020100,KE0201000500,no_station
Murinduko,KE020100,KE0201000501,no_station
Gathigiriri,KE020100,KE0201000502,no_station
Tebere,KE020100,KE0201000503,no_station
Kabare,KE020101,KE0201010504,no_station
Baragwi,KE020101,KE0201010505,no_station
Njuki-Ini,KE020101,KE0201010506,no_station
Ngariama,KE020101,KE0201010507,no_station
Karumandi,KE020101,KE0201010508,no_station
Mukure,KE020102,KE0201020509,no_station
Kiine,KE020102,KE0201020510,no_station
Kariti,KE020102,KE0201020511,no_station
Mutira,KE020103,KE0201030512,no_station
Kanyekini,KE020103,KE0201030513,no_station
Kerugoya,KE020103,KE0201030514,no_station
Inoi,KE020103,KE0201030515,no_station
Bomariba,KE045261,KE0452611301,no_station
Bokiakumi,KE045261,KE0452611302,no_station
Bomorenda,KE045261,KE0452611303,no_station
Riana,KE045261,KE0452611304,no_station
Tabaka,KE045262,KE0452621305,no_station
Boikanga,KE045262,KE0452621306,no_station
Bogetenga,KE045262,KE0452621307,no_station
Borabu/Chitago,KE045262,KE0452621308,no_station
Moticho,KE045262,KE0452621309,no_station
Getenga,KE045262,KE0452621310,no_station
Bombaba Borabu,KE045263,KE0452631311,no_station
Boochi Borabu,KE045263,KE0452631312,no_station
Bokimonge,KE045263,KE0452631313,no_station
Magenche,KE045263,KE0452631314,no_station
Masige West,KE045264,KE0452641315,no_station
Masige East,KE045264,KE0452641316,no_station
Bassi Central,KE045264,KE0452641317,no_station
Nyacheki,KE045264,KE0452641318,no_station
Bassi Bogetaorio,KE045264,KE0452641319,no_station
Bobasi Chache,KE045264,KE0452641320,no_station
Sameta/Mokwerero,KE045264,KE0452641321,no_station
Bobasi/Boitangare,KE045264,KE0452641322,no_station
Majoge Bassi,KE045265,KE0452651323,no_station
Boochi/Tendere,KE045265,KE0452651324,no_station
Bosoti/Sengera,KE045265,KE0452651325,no_station
Ichuni,KE045266,KE0452661326,no_station
Nyamasibi,KE045266,KE0452661327,no_station
Masimba,KE045266,KE0452661328,no_station
Gesusu,KE045266,KE0452661329,no_station
Kiamokama,KE045266,KE0452661330,no_station
Bobaracho,KE045267,KE0452671331,no_station
Kisii Central,KE045267,KE0452671332,no_station
Keumbu,KE045267,KE0452671333,no_station
Kiogoro,KE045267,KE0452671334,no_station
Birongo,KE045267,KE0452671335,no_station
Ibeno,KE045267,KE0452671336,no_station
Monyerero,KE045268,KE0452681337,no_station
Sensi,KE045268,KE0452681338,no_station
Marani,KE045268,KE0452681339,no_station
Kegogi,KE045268,KE0452681340,no_station
Bogusero,KE045269,KE0452691341,no_station
Bogeka,KE045269,KE0452691342,no_station
Nyakoe,KE045269,KE0452691343,no_station
Kitutu Central,KE045269,KE0452691344,no_station
Nyatieko,KE045269,KE0452691345,no_station
Kajulu,KE042238,KE0422381186,no_station
Kolwa East,KE042238,KE0422381187,no_station
Manyatta 'B',KE042238,KE0422381188,no_station
Nyalenda 'A',KE042238,KE0422381189,no_station
Kolwa Central,KE042238,KE0422381190,no_station
South West Kisumu,KE042239,KE0422391191,no_station
Central Kisumu,KE042239,KE0422391192,no_station
Kisumu North,KE042239,KE0422391193,no_station
West Kisumu,KE042239,KE0422391194,no_station
North West Kisumu,KE042239,KE0422391195,no_station
Railways,KE042240,KE0422401196,no_station
Migosi,KE042240,KE0422401197,no_station
Shauri Moyo/Kaloleni,KE042240,KE0422401198,no_station
Market Milimani,KE042240,KE0422401199,no_station
Kondele,KE042240,KE0422401200,no_station
Nyalenda 'B',KE042240,KE0422401201,no_station
West Seme,KE042241,KE0422411202,no_station
Central Seme,KE042241,KE0422411203,no_station
East Seme,KE042241,KE0422411204,no_station
North Seme,KE042241,KE0422411205,no_station
East Kano/Wawidhi,KE042242,KE0422421206,no_station
Awasi/Onjiko,KE042242,KE0422421207,no_station
Ahero,KE042242,KE0422421208,no_station
Kabonyo/Kanyagwal,KE042242,KE0422421209,no_station
Kobura,KE042242,KE0422421210,no_station
Miwani,KE042243,KE0422431211,no_station
Ombeyi,KE042243,KE0422431212,no_station
Masogo/Nyang'oma,KE042243,KE0422431213,no_station
Chemilil,KE042243,KE0422431214,no_station
Muhoroni Koru,KE042243,KE0422431215,no_station
South West Nyakach,KE042244,KE0422441216,no_station
North Nyakach,KE042244,KE0422441217,no_station
Central Nyakach,KE042244,KE0422441218,no_station
West Nyakach,KE042244,KE0422441219,no_station
South East Nyakach,KE042244,KE0422441220,no_station
Ngomeni,KE015067,KE0150670331,no_station
Kyuso,KE015067,KE0150670332,no_station
Mumoni,KE015067,KE0150670333,no_station
Tseikuru,KE015067,KE0150670334,no_station
Tharaka,KE015067,KE0150670335,no_station
Kyome/Thaana,KE015068,KE0150680336,no_station
Nguutani,KE015068,KE0150680337,no_station
Migwani,KE015068,KE0150680338,no_station
Kiomo/Kyethani,KE015068,KE0150680339,no_station
Central,KE015068,KE0150680340,no_station
Kivou,KE015069,KE0150690341,no_station
Nguni,KE015069,KE0150690342,no_station
Nuu,KE015069,KE0150690343,no_station
Mui,KE015069,KE0150690344,no_station
Waita,KE015069,KE0150690345,no_station
Mutonguni,KE015070,KE0150700346,no_station
Kauwi,KE015070,KE0150700347,no_station
Matinyani,KE015070,KE0150700348,no_station
Kwamutonga/Kithumula,KE015070,KE0150700349,no_station
Kisasi,KE015071,KE0150710350,no_station
Mbitini,KE015071,KE0150710351,no_station
Kwavonza/Yatta,KE015071,KE0150710352,no_station
Kanyangi,KE015071,KE0150710353,no_station
Miambani,KE015072,KE0150720354,no_station
Township,KE015072,KE0150720355,no_station
Kyangwithya West,KE015072,KE0150720356,no_station
Mulango,KE015072,KE0150720357,no_station
Kyangwithya East,KE015072,KE0150720358,no_station
Zombe/Mwitika,KE015073,KE0150730359,no_station
Nzambani,KE015073,KE0150730360,no_station
Chuluni,KE015073,KE0150730361,no_station
Voo/Kyamatu,KE015073,KE0150730362,no_station
Endau/Malalani,KE015073,KE0150730363,no_station
Mutitu/Kaliku,KE015073,KE0150730364,no_station
Ikanga/Kyatune,KE015074,KE0150740365,no_station
Mutomo,KE015074,KE0150740366,no_station
Mutha,KE015074,KE0150740367,no_station
Ikutha,KE015074,KE0150740368,no_station
Kanziko,KE015074,KE0150740369,no_station
Athi,KE015074,KE0150740370,no_station
Gombato Bogwe,KE002007,KE0020070031,no_station
Ukunda,KE002007,KE0020070032,no_station
Kinondo,KE002007,KE0020070033,no_station
Ramisi,KE002007,KE0020070034,no_station
Pongwe/Kikoneni,KE002008,KE0020080035,no_station
Dzombo,KE002008,KE0020080036,no_station
Mwereni,KE002008,KE0020080037,no_station
Vanga,KE002008,KE0020080038,no_station
Tsimba Golini,KE002009,KE0020090039,no_station
Waa,KE002009,KE0020090040,no_station
Tiwi,KE002009,KE0020090041,no_station
Kubo South,KE002009,KE0020090042,no_station
Mkongani,KE002009,KE0020090043,no_station
Ndavaya,KE002010,KE0020100044,no_station
Puma,KE002010,KE0020100045,no_station
Kinango,KE002010,KE0020100046,no_station
Mackinon Road,KE002010,KE0020100047,no_station
Chengoni/Samburu,KE002010,KE0020100048,no_station
Mwabila,KE002010,KE0020100049,no_station
Kasemeni,KE002010,KE0020100050,no_station
Ol-Moran,KE031163,KE0311630811,no_station
Rumuruti Township,KE031163,KE0311630812,no_station
Githiga,KE031163,KE0311630813,no_station
Marmanet,KE031163,KE0311630814,no_station
Igwamiti,KE031163,KE0311630815,no_station
Salama,KE031163,KE0311630816,no_station
Ngobit,KE031164,KE0311640817,no_station
Tigithi,KE031164,KE0311640818,no_station
Thingithu,KE031164,KE0311640819,no_station
Nanyuki,KE031164,KE0311640820,no_station
Umande,KE031164,KE0311640821,no_station
Sosian,KE031165,KE0311650822,no_station
Segera,KE031165,KE0311650823,no_station
Mugogodo West,KE031165,KE0311650824,no_station
Mugogodo East,KE031165,KE0311650825,no_station
Faza,KE005021,KE0050210101,no_station
Kiunga,KE005021,KE0050210102,no_station
Basuba,KE005021,KE0050210103,no_station
Shella,KE005022,KE0050220104,no_station
Mkomami,KE005022,KE0050220105,no_station
Hindi,KE005022,KE0050220106,no_station
Mkunumbi,KE005022,KE0050220107,no_station
Hongwe,KE005022,KE0050220108,no_station
Witu,KE005022,KE0050220109,G5305
Bahari,KE005022,KE0050220110,no_station
Kivaa,KE016075,KE0160750371,no_station
Masinga Central,KE016075,KE0160750372,no_station
Ekalakala,KE016075,KE0160750373,no_station
Muthesya,KE016075,KE0160750374,no_station
Ndithini,KE016075,KE0160750375,no_station
Ndalani,KE016076,KE0160760376,no_station
Matuu,KE016076,KE0160760377,no_station
Kithimani,KE016076,KE0160760378,no_station
Ikombe,KE016076,KE0160760379,no_station
Katangi,KE016076,KE0160760380,no_station
Kangundo North,KE016077,KE0160770381,no_station
Kangundo Central,KE016077,KE0160770382,no_station
Kangundo East,KE016077,KE0160770383,no_station
Kangundo West,KE016077,KE0160770384,no_station
Tala,KE016078,KE0160780385,no_station
Matungulu North,KE016078,KE0160780386,no_station
Matungulu East,KE016078,KE0160780387,no_station
Matungulu West,KE016078,KE0160780388,no_station
Kyeleni,KE016078,KE0160780389,no_station
Mitaboni,KE016079,KE0160790390,no_station
Kathiani Central,KE016079,KE0160790391,no_station
Upper Kaewa/Iveti,KE016079,KE0160790392,no_station
Upper Kaewa/Kaani,KE016079,KE0160790393,no_station
Athi River,KE016080,KE0160800394,no_station
Kinanie,KE016080,KE0160800395,no_station
Muthwani,KE016080,KE0160800396,no_station
Syokimau,KE016080,KE0160800397,no_station
Kalama,KE016081,KE0160810398,no_station
Mua,KE016081,KE0160810399,no_station
Mutituni,KE016081,KE0160810400,no_station
Machakos Central,KE016081,KE0160810401,no_station
Mumbuni North,KE016081,KE0160810402,no_station
Muvuti/Kiima Kimwe,KE016081,KE0160810403,no_station
Kola,KE016081,KE0160810404,no_station
Mbiuni,KE016082,KE0160820405,no_station
Makutano/Mwala,KE016082,KE0160820406,no_station
Masii,KE016082,KE0160820407,no_station
Muthetheni,KE016082,KE0160820408,no_station
Wamunyu,KE016082,KE0160820409,no_station
Kibauni,KE016082,KE0160820410,no_station
Tulimani,KE017083,KE0170830411,no_station
Mbooni,KE017083,KE0170830412,no_station
Kithungo/Kitundu,KE017083,KE0170830413,no_station
Kiteta/Kisau,KE017083,KE0170830414,no_station
Waia-Kako,KE017083,KE0170830415,no_station
Kalawa,KE017083,KE0170830416,no_station
Kasikeu,KE017084,KE0170840417,no_station
Mukaa,KE017084,KE0170840418,no_station
Kiima Kiu/Kalanzoni,KE017084,KE0170840419,no_station
Ukia,KE017085,KE0170850420,no_station
Kee,KE017085,KE0170850421,no_station
Kilungu,KE017085,KE0170850422,no_station
Ilima,KE017085,KE0170850423,no_station
Wote,KE017086,KE0170860424,no_station
Muvau/Kikumini,KE017086,KE0170860425,no_station
Mavindini,KE017086,KE0170860426,no_station
Kitise/Kithuki,KE017086,KE0170860427,no_station
Kathonzweni,KE017086,KE0170860428,no_station
Nzaui/Kilili/Kalamba,KE017086,KE0170860429,no_station
Mbitini,KE017086,KE0170860430,no_station
Makindu,KE017087,KE0170870431,no_station
Nguumo,KE017087,KE0170870432,no_station
Kikumbulyu North,KE017087,KE0170870433,no_station
Kikumbulyu South,KE017087,KE0170870434,no_station
Nguu/Masumba,KE017087,KE0170870435,no_station
Emali/Mulala,KE017087,KE0170870436,no_station
Masongaleni,KE017088,KE0170880437,no_station
Mtito Andei,KE017088,KE0170880438,no_station
Thange,KE017088,KE0170880439,no_station
Ivingoni/Nzambani,KE017088,KE0170880440,no_station
Takaba South,KE009039,KE0090390191,no_station
Takaba,KE009039,KE0090390192,no_station
Laghsure,KE009039,KE0090390193,no_station
Dandu,KE009039,KE0090390194,no_station
Gither,KE009039,KE0090390195,no_station
Banissa,KE009040,KE0090400196,no_station
Derkhale,KE009040,KE0090400197,no_station
Guba,KE009040,KE0090400198,no_station
Malkamari,KE009040,KE0090400199,no_station
Kiliwaheri,KE009040,KE0090400200,no_station
Ashabito,KE009041,KE0090410201,no_station
Guticha,KE009041,KE0090410202,no_station
Marothile,KE009041,KE0090410203,no_station
Rhamu,KE009041,KE0090410204,no_station
Rhamu Dimtu,KE009041,KE0090410205,no_station
Wargadud,KE009042,KE0090420206,no_station
Kotulo,KE009042,KE0090420207,no_station
Elwak South,KE009042,KE0090420208,no_station
Elwak North,KE009042,KE0090420209,no_station
Shambir Fatuma,KE009042,KE0090420210,no_station
Arabia,KE009043,KE0090430211,no_station
Bulla Mpya,KE009043,KE0090430212,no_station
Khalalio,KE009043,KE0090430213,no_station
Neboi,KE009043,KE0090430214,no_station
Township,KE009043,KE0090430215,no_station
Libehia,KE009044,KE0090440216,no_station
Fino,KE009044,KE0090440217,no_station
Lafey,KE009044,KE0090440218,no_station
Warankara,KE009044,KE0090440219,no_station
Alango Gof,KE009044,KE0090440220,no_station
Butiye,KE010045,KE0100450221,no_station
Sololo,KE010045,KE0100450222,no_station
Heillu/Manyatta,KE010045,KE0100450223,no_station
Golbo,KE010045,KE0100450224,no_station
Moyale Township,KE010045,KE0100450225,no_station
Uran,KE010045,KE0100450226,no_station
Obbu,KE010045,KE0100450227,no_station
Dukana,KE010046,KE0100460228,no_station
Maikona,KE010046,KE0100460229,no_station
Turbi,KE010046,KE0100460230,no_station
North Horr,KE010046,KE0100460231,no_station
Illeret,KE010046,KE0100460232,no_station
Sagante/Jaldesa,KE010047,KE0100470233,no_station
Karare,KE010047,KE0100470234,no_station
Marsabit Central,KE010047,KE0100470235,no_station
Loiyangalani,KE010048,KE0100480236,no_station
Kargi/South Horr,KE010048,KE0100480237,no_station
Korr/Ngurunit,KE010048,KE0100480238,no_station
Logologo,KE010048,KE0100480239,no_station
Laisamis,KE010048,KE0100480240,no_station
Maua,KE012051,KE0120510251,no_station
Kiegu/Antubochiu,KE012051,KE0120510252,no_station
Athiru Gaiti,KE012051,KE0120510253,no_station
Akachiu,KE012051,KE0120510254,no_station
Kanuni,KE012051,KE0120510255,no_station
Akirang'ondu,KE012052,KE0120520256,no_station
Athiru Ruujine,KE012052,KE0120520257,no_station
Igembe East,KE012052,KE0120520258,no_station
Njia,KE012052,KE0120520259,no_station
Kangeta,KE012052,KE0120520260,no_station
Antuambui,KE012053,KE0120530261,no_station
Ntunene,KE012053,KE0120530262,no_station
Antubetwe Kiongo,KE012053,KE0120530263,no_station
Naathu,KE012053,KE0120530264,no_station
Amwathi,KE012053,KE0120530265,no_station
Athwana,KE012054,KE0120540266,no_station
Akithii,KE012054,KE0120540267,no_station
Kianjai,KE012054,KE0120540268,no_station
Nkomo,KE012054,KE0120540269,no_station
Mbeu,KE012054,KE0120540270,no_station
Thangatha,KE012055,KE0120550271,no_station
Mikinduri,KE012055,KE0120550272,no_station
Kiguchwa,KE012055,KE0120550273,no_station
Muthara,KE012055,KE0120550274,no_station
Karama,KE012055,KE0120550275,no_station
Municipality,KE012056,KE0120560276,no_station
Ntima East,KE012056,KE0120560277,no_station
Ntima West,KE012056,KE0120560278,no_station
Nyaki West,KE012056,KE0120560279,no_station
Nyaki East,KE012056,KE0120560280,no_station
Timau,KE012057,KE0120570281,no_station
Kisima,KE012057,KE0120570282,no_station
Kiirua/Naari,KE012057,KE0120570283,no_station
Ruiri/Rwarera,KE012057,KE0120570284,no_station
Mwanganthia,KE012058,KE0120580285,no_station
Abothuguchi Central,KE012058,KE0120580286,no_station
Abothuguchi West,KE012058,KE0120580287,no_station
Kiagu,KE012058,KE0120580288,no_station
Kibirichia,KE012057,KE0120570289,no_station
Mitunguu,KE012059,KE0120590290,no_station
Igoji East,KE012059,KE0120590291,no_station
Igoji West,KE012059,KE0120590292,no_station
Abogeta East,KE012059,KE0120590293,no_station
Abogeta West,KE012059,KE0120590294,no_station
Nkuene,KE012059,KE0120590295,no_station
North Kamagambo,KE044253,KE0442531261,no_station
Central Kamagambo,KE044253,KE0442531262,no_station
East Kamagambo,KE044253,KE0442531263,no_station
South Kamagambo,KE044253,KE0442531264,no_station
North Sakwa,KE044254,KE0442541265,no_station
South Sakwa,KE044254,KE0442541266,no_station
West Sakwa,KE044254,KE0442541267,no_station
Central Sakwa,KE044254,KE0442541268,no_station
God Jope,KE044255,KE0442551269,no_station
Suna Central,KE044255,KE0442551270,no_station
Kakrao,KE044255,KE0442551271,no_station
Kwa,KE044255,KE0442551272,no_station
Wiga,KE044256,KE0442561273,no_station
Wasweta Ii,KE044256,KE0442561274,no_station
Ragana-Oruba,KE044256,KE0442561275,no_station
Wasimbete,KE044256,KE0442561276,no_station
West Kanyamkago,KE044257,KE0442571277,no_station
North Kanyamkago,KE044257,KE0442571278,no_station
Central Kanyamkago,KE044257,KE0442571279,no_station
South Kanyamkago,KE044257,KE0442571280,no_station
East Kanyamkago,KE044257,KE0442571281,no_station
Kachieng,KE044258,KE0442581282,no_station
Kanyasa,KE044258,KE0442581283,no_station
North Kadem,KE044258,KE0442581284,no_station
Macalder/Kanyaruanda,KE044258,KE0442581285,no_station
Kaler,KE044258,KE0442581286,no_station
Got Kachola,KE044258,KE0442581287,no_station
Muhuru,KE044258,KE0442581288,no_station
Bukira East,KE044259,KE0442591289,no_station
Bukira Central/Ikerege,KE044259,KE0442591290,no_station
Isibania,KE044259,KE0442591291,no_station
Mokerero,KE044259,KE0442591292,no_station
Masaba,KE044259,KE0442591293,no_station
Tagare,KE044259,KE0442591294,no_station
Nyamosense'komosoko,KE044259,KE0442591295,no_station
Gokeharaka/Getabwega,KE044259,KE0442591296,no_station
Ntimaru West,KE044260,KE0442601297,no_station
Ntimaru East,KE044260,KE0442601298,no_station
Nyabasi East,KE044260,KE0442601299,no_station
Nyabasi West,KE044260,KE0442601300,no_station
Port Reitz,KE001001,KE0010010001,no_station
Kipevu,KE001001,KE0010010002,no_station
Airport,KE001001,KE0010010003,no_station
Changamwe,KE001001,KE0010010004,no_station
Chaani,KE001001,KE0010010005,no_station
Jomvu Kuu,KE001002,KE0010020006,no_station
Miritini,KE001002,KE0010020007,no_station
Mikindani,KE001002,KE0010020008,no_station
Mjambere,KE001003,KE0010030009,no_station
Junda,KE001003,KE0010030010,no_station
Bamburi,KE001003,KE0010030011,no_station
Mwakirunge,KE001003,KE0010030012,no_station
Mtopanga,KE001003,KE0010030013,no_station
Magogoni,KE001003,KE0010030014,no_station
Shanzu,KE001003,KE0010030015,no_station
Frere Town,KE001004,KE0010040016,no_station
Ziwa La Ng'ombe,KE001004,KE0010040017,no_station
Mkomani,KE001004,KE0010040018,no_station
Kongowea,KE001004,KE0010040019,no_station
Kadzandani,KE001004,KE0010040020,no_station
Mtongwe,KE001005,KE0010050021,no_station
Shika Adabu,KE001005,KE0010050022,no_station
Bofu,KE001005,KE0010050023,no_station
Likoni,KE001005,KE0010050024,no_station
Tibwani,KE001005,KE0010050025,no_station
Mji Wa Kale/Makadara,KE001006,KE0010060026,no_station
Tudor,KE001006,KE0010060027,no_station
Tononoka,KE001006,KE0010060028,no_station
Shimanzi/Ganjoni,KE001006,KE0010060029,no_station
Majengo,KE001006,KE0010060030,no_station
Kanyenya-Ini,KE021104,KE0211040516,no_station
Muguru,KE021104,KE0211040517,no_station
Rwathia,KE021104,KE0211040518,no_station
Gitugi,KE021105,KE0211050519,no_station
Kiru,KE021105,KE0211050520,no_station
Kamacharia,KE021105,KE0211050521,no_station
Wangu,KE021106,KE0211060522,no_station
Mugoiri,KE021106,KE0211060523,no_station
Mbiri,KE021106,KE0211060524,no_station
Township,KE021106,KE0211060525,no_station
Murarandia,KE021106,KE0211060526,no_station
Gaturi,KE021106,KE0211060527,no_station
Kahumbu,KE021107,KE0211070528,no_station
Muthithi,KE021107,KE0211070529,no_station
Kigumo,KE021107,KE0211070530,no_station
Kangari,KE021107,KE0211070531,no_station
Kinyona,KE021107,KE0211070532,no_station
Kimorori/Wempa,KE021108,KE0211080533,no_station
Makuyu,KE021108,KE0211080534,no_station
Kambiti,KE021108,KE0211080535,no_station
Kamahuha,KE021108,KE0211080536,no_station
Ichagaki,KE021108,KE0211080537,no_station
Nginda,KE021108,KE0211080538,no_station
Ng'araria,KE021109,KE0211090539,no_station
Muruka,KE021109,KE0211090540,no_station
Kagundu-Ini,KE021109,KE0211090541,no_station
Gaichanjiru,KE021109,KE0211090542,no_station
Ithiru,KE021109,KE0211090543,no_station
Ruchu,KE021109,KE0211090544,no_station
Ithanga,KE021110,KE0211100545,no_station
Kakuzi/Mitumbiri,KE021110,KE0211100546,no_station
Mugumo-Ini,KE021110,KE0211100547,no_station
Kihumbu-Ini,KE021110,KE0211100548,no_station
Gatanga,KE021110,KE0211100549,no_station
Kariara,KE021110,KE0211100550,no_station
Kitisuru,KE047274,KE0472741366,no_station
Parklands/Highridge,KE047274,KE0472741367,no_station
Karura,KE047274,KE0472741368,no_station
Kangemi,KE047274,KE0472741369,no_station
Moutain View,KE047274,KE0472741370,no_station
Kilimani,KE047275,KE0472751371,no_station
Kawangware,KE047275,KE0472751372,no_station
Gatina,KE047275,KE0472751373,no_station
Kileleshwa,KE047275,KE0472751374,no_station
Kabiro,KE047275,KE0472751375,no_station
Mutuini,KE047276,KE0472761376,no_station
Ngando,KE047276,KE0472761377,no_station
Riruta,KE047276,KE0472761378,no_station
Uthiru-Ruthimitu,KE047276,KE0472761379,no_station
Waithaka,KE047276,KE0472761380,no_station
Karen,KE047277,KE0472771381,no_station
Nairobi West,KE047277,KE0472771382,no_station
Mugumoini,KE047277,KE0472771383,no_station
South 'C',KE047277,KE0472771384,no_station
Nyayo Highrise,KE047277,KE0472771385,no_station
Laini Saba,KE047278,KE0472781386,no_station
Lindi,KE047278,KE0472781387,no_station
Makina,KE047278,KE0472781388,no_station
Woodley/Kenyatta Golf Course,KE047278,KE0472781389,no_station
Serangombe,KE047278,KE0472781390,no_station
Githurai,KE047279,KE0472791391,no_station
Kahawa West,KE047279,KE0472791392,no_station
Zimmerman,KE047279,KE0472791393,no_station
Roysambu,KE047279,KE0472791394,no_station
Kahawa,KE047279,KE0472791395,no_station
Clay City,KE047280,KE0472801396,no_station
Mwiki,KE047280,KE0472801397,no_station
Kasarani,KE047280,KE0472801398,no_station
Njiru,KE047280,KE0472801399,no_station
Ruai,KE047280,KE0472801400,no_station
Babadogo,KE047281,KE0472811401,no_station
Utalii,KE047281,KE0472811402,no_station
Mathare North,KE047281,KE0472811403,no_station
Lucky Summer,KE047281,KE0472811404,no_station
Korogocho,KE047281,KE0472811405,no_station
Imara Daima,KE047282,KE0472821406,no_station
Kwa Njenga,KE047282,KE0472821407,no_station
Kwa Reuben,KE047282,KE0472821408,no_station
Pipeline,KE047282,KE0472821409,no_station
Kware,KE047282,KE0472821410,no_station
Kariobangi North,KE047283,KE0472831411,no_station
Dandora Area I,KE047283,KE0472831412,no_station
Dandora Area Ii,KE047283,KE0472831413,no_station
Dandora Area Iii,KE047283,KE0472831414,no_station
Dandora Area Iv,KE047283,KE0472831415,no_station
Kayole North,KE047284,KE0472841416,no_station
Kayole Central,KE047284,KE0472841417,no_station
Kayole South,KE047284,KE0472841418,no_station
Komarock,KE047284,KE0472841419,no_station
Matopeni/Spring Valley,KE047284,KE0472841420,no_station
Upper Savanna,KE047285,KE0472851421,no_station
Lower Savanna,KE047285,KE0472851422,no_station
Embakasi,KE047285,KE0472851423,no_station
Utawala,KE047285,KE0472851424,no_station
Mihang'o,KE047285,KE0472851425,no_station
Umoja I,KE047286,KE0472861426,no_station
Umoja Ii,KE047286,KE0472861427,no_station
Mowlem,KE047286,KE0472861428,no_station
Kariobangi South,KE047286,KE0472861429,no_station
Maringo/Hamza,KE047287,KE0472871430,no_station
Viwandani,KE047287,KE0472871431,no_station
Harambee,KE047287,KE0472871432,no_station
Makongeni,KE047287,KE0472871433,no_station
Pumwani,KE047288,KE0472881434,no_station
Eastleigh North,KE047288,KE0472881435,no_station
Eastleigh South,KE047288,KE0472881436,no_station
Air Base,KE047288,KE0472881437,no_station
California,KE047288,KE0472881438,no_station
Nairobi Central,KE047289,KE0472891439,no_station
Ngara,KE047289,KE0472891440,no_station
Pangani,KE047289,KE0472891441,no_station
Ziwani/Kariokor,KE047289,KE0472891442,no_station
Land Mawe,KE047289,KE0472891443,no_station
Nairobi South,KE047289,KE0472891444,no_station
Hospital,KE047290,KE0472901445,no_station
Mabatini,KE047290,KE0472901446,no_station
Huruma,KE047290,KE0472901447,no_station
Ngei,KE047290,KE0472901448,no_station
Mlango Kubwa,KE047290,KE0472901449,no_station
Kiamaiko,KE047290,KE0472901450,no_station
Mariashoni,KE032166,KE0321660826,no_station
Elburgon,KE032166,KE0321660827,no_station
Turi,KE032166,KE0321660828,no_station
Molo,KE032166,KE0321660829,no_station
Mau Narok,KE032167,KE0321670830,no_station
Mauche,KE032167,KE0321670831,no_station
Kihingo,KE032167,KE0321670832,no_station
Nessuit,KE032167,KE0321670833,no_station
Lare,KE032167,KE0321670834,no_station
Njoro,KE032167,KE0321670835,no_station
Biashara,KE032168,KE0321680836,no_station
Hells Gate,KE032168,KE0321680837,no_station
Lake View,KE032168,KE0321680838,no_station
Maai Mahiu,KE032168,KE0321680839,no_station
Maiela,KE032168,KE0321680840,no_station
Olkaria,KE032168,KE0321680841,no_station
Naivasha East,KE032168,KE0321680842,no_station
Viwanda,KE032168,KE0321680843,no_station
Gilgil,KE032169,KE0321690844,no_station
Elementaita,KE032169,KE0321690845,no_station
Mbaruk/Eburru,KE032169,KE0321690846,no_station
Malewa West,KE032169,KE0321690847,no_station
Murindat,KE032169,KE0321690848,no_station
Amalo,KE032170,KE0321700849,no_station
Keringet,KE032170,KE0321700850,no_station
Kiptagich,KE032170,KE0321700851,no_station
Tinet,KE032170,KE0321700852,no_station
Kiptororo,KE032171,KE0321710853,no_station
Nyota,KE032171,KE0321710854,no_station
Sirikwa,KE032171,KE0321710855,no_station
Kamara,KE032171,KE0321710856,no_station
Subukia,KE032172,KE0321720857,no_station
Waseges,KE032172,KE0321720858,no_station
Kabazi,KE032172,KE0321720859,no_station
Menengai West,KE032173,KE0321730860,no_station
Soin,KE032173,KE0321730861,no_station
Visoi,KE032173,KE0321730862,no_station
Mosop,KE032173,KE0321730863,no_station
Solai,KE032173,KE0321730864,no_station
Dundori,KE032174,KE0321740865,no_station
Kabatini,KE032174,KE0321740866,no_station
Kiamaina,KE032174,KE0321740867,no_station
Lanet/Umoja,KE032174,KE0321740868,no_station
Bahati,KE032174,KE0321740869,no_station
Barut,KE032175,KE0321750870,no_station
London,KE032175,KE0321750871,no_station
Kaptembwo,KE032175,KE0321750872,no_station
Kapkures,KE032175,KE0321750873,no_station
Rhoda,KE032175,KE0321750874,no_station
Shaabab,KE032175,KE0321750875,no_station
Biashara,KE032176,KE0321760876,no_station
Kivumbini,KE032176,KE0321760877,no_station
Flamingo,KE032176,KE0321760878,no_station
Menengai,KE032176,KE0321760879,no_station
Nakuru East,KE032176,KE0321760880,no_station
Songhor/Soba,KE029151,KE0291510751,no_station
Tinderet,KE029151,KE0291510752,no_station
Chemilil/Chemase,KE029151,KE0291510753,no_station
Kapsimotwo,KE029151,KE0291510754,no_station
Kibwareng,KE029152,KE0291520755,no_station
Terik,KE029152,KE0291520756,no_station
Kemeloi-Maraba,KE029152,KE0291520757,no_station
Kobujoi,KE029152,KE0291520758,no_station
Kaptumoi/Kaboi,KE029152,KE0291520759,no_station
Koyo/Ndurio,KE029152,KE0291520760,no_station
Nandi Hills,KE029153,KE0291530761,no_station
Chepkunyuk,KE029153,KE0291530762,no_station
Ollessos,KE029153,KE0291530763,no_station
Kapchorua,KE029153,KE0291530764,no_station
Chemundu/Kapng'etunyi,KE029154,KE0291540765,no_station
Kosirai,KE029154,KE0291540766,no_station
Lelmok/Ngechek,KE029154,KE0291540767,no_station
Kaptel/Kamoiywo,KE029154,KE0291540768,no_station
Kiptuiya,KE029154,KE0291540769,no_station
Chepkumia,KE029155,KE0291550770,no_station
Kapkangani,KE029155,KE0291550771,no_station
Kapsabet,KE029155,KE0291550772,no_station
Kilibwoni,KE029155,KE0291550773,no_station
Cheterwai,KE029156,KE0291560774,no_station
Kipkaren,KE029156,KE0291560775,no_station
Kurgung/Surungai,KE029156,KE0291560776,no_station
Kabiyet,KE029156,KE0291560777,no_station
Ndalat,KE029156,KE0291560778,no_station
Kabisanga,KE029156,KE0291560779,no_station
Sangalo/Kebulonik,KE029156,KE0291560780,no_station
Kilgoris Central,KE033177,KE0331770881,no_station
Keyian,KE033177,KE0331770882,no_station
Angata Barikoi,KE033177,KE0331770883,no_station
Shankoe,KE033177,KE0331770884,no_station
Kimentet,KE033177,KE0331770885,no_station
Lolgorian,KE033177,KE0331770886,no_station
Ilkerin,KE033178,KE0331780887,no_station
Ololmasani,KE033178,KE0331780888,no_station
Mogondo,KE033178,KE0331780889,no_station
Kapsasian,KE033178,KE0331780890,no_station
Olposimoru,KE033179,KE0331790891,no_station
Olokurto,KE033179,KE0331790892,no_station
Narok Town,KE033179,KE0331790893,no_station
Nkareta,KE033179,KE0331790894,no_station
Olorropil,KE033179,KE0331790895,no_station
Melili,KE033179,KE0331790896,no_station
Mosiro,KE033180,KE0331800897,no_station
Ildamat,KE033180,KE0331800898,no_station
Keekonyokie,KE033180,KE0331800899,no_station
Suswa,KE033180,KE0331800900,no_station
Maji Moto/Naroosura,KE033181,KE0331810901,no_station
Ololulung'a,KE033181,KE0331810902,no_station
Melelo,KE033181,KE0331810903,no_station
Loita,KE033181,KE0331810904,no_station
Sogoo,KE033181,KE0331810905,no_station
Sagamian,KE033181,KE0331810906,no_station
Ilmotiok,KE033182,KE0331820907,no_station
Mara,KE033182,KE0331820908,no_station
Siana,KE033182,KE0331820909,no_station
Naikarra,KE033182,KE0331820910,no_station
Rigoma,KE046270,KE0462701346,no_station
Gachuba,KE046270,KE0462701347,no_station
Kemera,KE046270,KE0462701348,no_station
Magombo,KE046270,KE0462701349,no_station
Manga,KE046270,KE0462701350,no_station
Gesima,KE046270,KE0462701351,no_station
Nyamaiya,KE046271,KE0462711352,no_station
Bogichora,KE046271,KE0462711353,no_station
Bosamaro,KE046271,KE0462711354,no_station
Bonyamatuta,KE046271,KE0462711355,no_station
Township,KE046271,KE0462711356,no_station
Itibo,KE046272,KE0462721357,no_station
Bomwagamo,KE046272,KE0462721358,no_station
Bokeira,KE046272,KE0462721359,no_station
Magwagwa,KE046272,KE0462721360,no_station
Ekerenyo,KE046272,KE0462721361,no_station
Mekenene,KE046273,KE0462731362,no_station
Kiabonyoru,KE046273,KE0462731363,no_station
Nyansiongo,KE046273,KE0462731364,no_station
Esise,KE046273,KE0462731365,no_station
Engineer,KE018089,KE0180890441,no_station
Gathara,KE018089,KE0180890442,no_station
North Kinangop,KE018089,KE0180890443,no_station
Murungaru,KE018089,KE0180890444,no_station
Njabini/Kiburu,KE018089,KE0180890445,no_station
Nyakio,KE018089,KE0180890446,no_station
Githabai,KE018089,KE0180890447,no_station
Mugumu,KE018089,KE0180890448,no_station
Wanjohi,KE018090,KE0180900449,no_station
Kipipiri,KE018090,KE0180900450,no_station
Geta,KE018090,KE0180900451,no_station
Githioro,KE018090,KE0180900452,no_station
Karau,KE018091,KE0180910453,no_station
Kanjuiri Ridge,KE018091,KE0180910454,no_station
Mirangine,KE018091,KE0180910455,no_station
Kiambaga,KE018091,KE0180910456,no_station
Rurii,KE018091,KE0180910457,no_station
Gathanji,KE018092,KE0180920458,no_station
Gatimu,KE018092,KE0180920459,no_station
Weru,KE018092,KE0180920460,no_station
Charagita,KE018092,KE0180920461,no_station
Leshau/Pondo,KE018093,KE0180930462,no_station
Kiriita,KE018093,KE0180930463,no_station
Central,KE018093,KE0180930464,no_station
Shamata,KE018093,KE0180930465,no_station
Dedan Kimathi,KE019094,KE0190940466,no_station
Wamagana,KE019094,KE0190940467,no_station
Aguthi-Gaaki,KE019094,KE0190940468,no_station
Mweiga,KE019095,KE0190950469,no_station
Naromoru/Kiamathanga,KE019095,KE0190950470,no_station
Mwiyogo/Endarasha,KE019095,KE0190950471,no_station
Mugunda,KE019095,KE0190950472,no_station
Gatarakwa,KE019095,KE0190950473,no_station
Thiegu River,KE019095,KE0190950474,no_station
Kabaru,KE019095,KE0190950475,no_station
Gakawa,KE019095,KE0190950476,no_station
Ruguru,KE019096,KE0190960477,no_station
Magutu,KE019096,KE0190960478,no_station
Iria-Ini,KE019096,KE0190960479,no_station
Konyu,KE019096,KE0190960480,no_station
Kirimukuyu,KE019096,KE0190960481,no_station
Karatina Town,KE019096,KE0190960482,no_station
Mahiga,KE019097,KE0190970483,no_station
Iria-Ini,KE019097,KE0190970484,no_station
Chinga,KE019097,KE0190970485,no_station
Karima,KE019097,KE0190970486,no_station
Gikondi,KE019098,KE0190980487,no_station
Rugi,KE019098,KE0190980488,no_station
Mukurwe-Ini East,KE019098,KE0190980489,no_station
Mukurwe-Ini Central,KE019098,KE0190980490,no_station
Kiganjo/Mathari,KE019099,KE0190990491,no_station
Rware,KE019099,KE0190990492,no_station
Gatitu/Muruguru,KE019099,KE0190990493,no_station
Ruring'u,KE019099,KE0190990494,no_station
Kamakwa/Mukaro,KE019099,KE0190990495,no_station
Lodokejek,KE025133,KE0251330661,no_station
Suguta Marmar,KE025133,KE0251330662,no_station
Maralal,KE025133,KE0251330663,no_station
Loosuk,KE025133,KE0251330664,no_station
Porro,KE025133,KE0251330665,no_station
El Barta,KE025134,KE0251340666,no_station
Nachola,KE025134,KE0251340667,no_station
Ndoto,KE025134,KE0251340668,no_station
Nyiro,KE025134,KE0251340669,no_station
Angata Nanyukie,KE025134,KE0251340670,no_station
Baawa,KE025134,KE0251340671,no_station
Waso,KE025135,KE0251350672,no_station
Wamba West,KE025135,KE0251350673,no_station
Wamba East,KE025135,KE0251350674,no_station
Wamba North,KE025135,KE0251350675,no_station
West Ugenya,KE041232,KE0412321156,no_station
Ukwala,KE041232,KE0412321157,no_station
North Ugenya,KE041232,KE0412321158,no_station
East Ugenya,KE041232,KE0412321159,no_station
Sidindi,KE041233,KE0412331160,no_station
Sigomere,KE041233,KE0412331161,no_station
Ugunja,KE041233,KE0412331162,no_station
Usonga,KE041234,KE0412341163,no_station
West Alego,KE041234,KE0412341164,no_station
Central Alego,KE041234,KE0412341165,no_station
Siaya Township,KE041234,KE0412341166,no_station
North Alego,KE041234,KE0412341167,no_station
South East Alego,KE041234,KE0412341168,no_station
North Gem,KE041235,KE0412351169,no_station
West Gem,KE041235,KE0412351170,no_station
Central Gem,KE041235,KE0412351171,no_station
Yala Township,KE041235,KE0412351172,no_station
East Gem,KE041235,KE0412351173,no_station
South Gem,KE041235,KE0412351174,no_station
West Yimbo,KE041236,KE0412361175,no_station
Central Sakwa,KE041236,KE0412361176,no_station
South Sakwa,KE041236,KE0412361177,no_station
Yimbo East,KE041236,KE0412361178,no_station
West Sakwa,KE041236,KE0412361179,no_station
North Sakwa,KE041236,KE0412361180,no_station
East Asembo,KE041237,KE0412371181,no_station
West Asembo,KE041237,KE0412371182,no_station
North Uyoma,KE041237,KE0412371183,no_station
South Uyoma,KE041237,KE0412371184,no_station
West Uyoma,KE041237,KE0412371185,no_station
Chala,KE006023,KE0060230111,no_station
Mahoo,KE006023,KE0060230112,no_station
Bomani,KE006023,KE0060230113,no_station
Mboghoni,KE006023,KE0060230114,no_station
Mata,KE006023,KE0060230115,no_station
Wundanyi/Mbale,KE006024,KE0060240116,no_station
Werugha,KE006024,KE0060240117,no_station
Wumigu/Kishushe,KE006024,KE0060240118,no_station
Mwanda/Mgange,KE006024,KE0060240119,no_station
Ronge,KE006025,KE0060250120,no_station
Mwatate,KE006025,KE0060250121,no_station
Bura,KE006025,KE0060250122,no_station
Chawia,KE006025,KE0060250123,no_station
Wusi/Kishamba,KE006025,KE0060250124,no_station
Mbololo,KE006026,KE0060260125,no_station
Sagala,KE006026,KE0060260126,G5142
Kaloleni,KE006026,KE0060260127,no_station
Maungu,KE006026,KE0060260128,no_station
Kasigau,KE006026,KE0060260129,no_station
Ngolia,KE006026,KE0060260130,no_station
Kipini East,KE004018,KE0040180086,no_station
Garsen South,KE004018,KE0040180087,no_station
Kipini West,KE004018,KE0040180088,G5305
Garsen Central,KE004018,KE0040180089,G5305
Garsen West,KE004018,KE0040180090,no_station
Garsen North,KE004018,KE0040180091,G5305
Kinakomba,KE004019,KE0040190092,G5305
Mikinduni,KE004019,KE0040190093,G5305
Chewani,KE004019,KE0040190094,G5305
Wayu,KE004019,KE0040190095,no_station
Chewele,KE004020,KE0040200096,G5305
Hirimani,KE004020,KE0040200097,no_station
Bangale,KE004020,KE0040200098,no_station
Sala,KE004020,KE0040200099,no_station
Madogo,KE004020,KE0040200100,no_station
Mitheru,KE013060,KE0130600296,no_station
Muthambi,KE013060,KE0130600297,no_station
Mwimbi,KE013060,KE0130600298,no_station
Ganga,KE013060,KE0130600299,no_station
Chogoria,KE013060,KE0130600300,no_station
Mariani,KE013061,KE0130610301,no_station
Karingani,KE013061,KE0130610302,no_station
Magumoni,KE013061,KE0130610303,no_station
Mugwe,KE013061,KE0130610304,no_station
Igambang'ombe,KE013061,KE0130610305,no_station
Gatunga,KE013062,KE0130620306,no_station
Mukothima,KE013062,KE0130620307,no_station
Nkondi,KE013062,KE0130620308,no_station
Chiakariga,KE013062,KE0130620309,no_station
Marimanti,KE013062,KE0130620310,no_station
Kapomboi,KE026136,KE0261360676,no_station
Kwanza,KE026136,KE0261360677,no_station
Keiyo,KE026136,KE0261360678,no_station
Bidii,KE026136,KE0261360679,no_station
Chepchoina,KE026137,KE0261370680,no_station
Endebes,KE026137,KE0261370681,no_station
Matumbei,KE026137,KE0261370682,no_station
Kinyoro,KE026138,KE0261380683,no_station
Matisi,KE026138,KE0261380684,no_station
Tuwani,KE026138,KE0261380685,no_station
Saboti,KE026138,KE0261380686,no_station
Machewa,KE026138,KE0261380687,no_station
Kiminini,KE026139,KE0261390688,no_station
Waitaluk,KE026139,KE0261390689,no_station
Sirende,KE026139,KE0261390690,no_station
Hospital,KE026139,KE0261390691,no_station
Sikhendu,KE026139,KE0261390692,no_station
Nabiswa,KE026139,KE0261390693,no_station
Sinyerere,KE026140,KE0261400694,no_station
Makutano,KE026140,KE0261400695,no_station
Kaplamai,KE026140,KE0261400696,no_station
Motosiet,KE026140,KE0261400697,no_station
Cherangany/Suwerwa,KE026140,KE0261400698,no_station
Chepsiro/Kiptoror,KE026140,KE0261400699,no_station
Sitatunga,KE026140,KE0261400700,no_station
Kaeris,KE023123,KE0231230611,no_station
Lakezone,KE023123,KE0231230612,no_station
Lapur,KE023123,KE0231230613,no_station
Kaaleng/Kaikor,KE023123,KE0231230614,no_station
Kibish,KE023123,KE0231230615,no_station
Nakalale,KE023123,KE0231230616,no_station
Kakuma,KE023124,KE0231240617,no_station
Lopur,KE023124,KE0231240618,no_station
Letea,KE023124,KE0231240619,no_station
Songot,KE023124,KE0231240620,no_station
Kalobeyei,KE023124,KE0231240621,no_station
Lokichogio,KE023124,KE0231240622,no_station
Nanaam,KE023124,KE0231240623,no_station
Kerio Delta,KE023125,KE0231250624,no_station
Kangatotha,KE023125,KE0231250625,no_station
Kalokol,KE023125,KE0231250626,no_station
Lodwar Township,KE023125,KE0231250627,no_station
Kanamkemer,KE023125,KE0231250628,no_station
Kotaruk/Lobei,KE023126,KE0231260629,no_station
Turkwel,KE023126,KE0231260630,no_station
Loima,KE023126,KE0231260631,no_station
Lokiriama/Lorengippi,KE023126,KE0231260632,no_station
Kaputir,KE023127,KE0231270633,no_station
Katilu,KE023127,KE0231270634,no_station
Lobokat,KE023127,KE0231270635,no_station
Kalapata,KE023127,KE0231270636,no_station
Lokichar,KE023127,KE0231270637,no_station
Kapedo/Napeitom,KE023128,KE0231280638,no_station
Katilia,KE023128,KE0231280639,no_station
Lokori/Kochodin,KE023128,KE0231280640,no_station
Moi's Bridge,KE027141,KE0271410701,no_station
Kapkures,KE027141,KE0271410702,no_station
Ziwa,KE027141,KE0271410703,no_station
Segero/Barsombe,KE027141,KE0271410704,no_station
Kipsomba,KE027141,KE0271410705,no_station
Soy,KE027141,KE0271410706,no_station
Kuinet/Kapsuswa,KE027141,KE0271410707,no_station
Ngenyilel,KE027142,KE0271420708,no_station
Tapsagoi,KE027142,KE0271420709,no_station
Kamagut,KE027142,KE0271420710,no_station
Kiplombe,KE027142,KE0271420711,no_station
Kapsaos,KE027142,KE0271420712,no_station
Huruma,KE027142,KE0271420713,no_station
Tembelio,KE027143,KE0271430714,no_station
Sergoit,KE027143,KE0271430715,no_station
Karuna/Meibeki,KE027143,KE0271430716,no_station
Moiben,KE027143,KE0271430717,no_station
Kimumu,KE027143,KE0271430718,no_station
Kapsoya,KE027144,KE0271440719,no_station
Kaptagat,KE027144,KE0271440720,no_station
Ainabkoi/Olare,KE027144,KE0271440721,no_station
Simat/Kapseret,KE027145,KE0271450722,no_station
Kipkenyo,KE027145,KE0271450723,no_station
Ngeria,KE027145,KE0271450724,no_station
Megun,KE027145,KE0271450725,no_station
Langas,KE027145,KE0271450726,no_station
Racecourse,KE027146,KE0271460727,no_station
Cheptiret/Kipchamo,KE027146,KE0271460728,no_station
Tulwet/Chiyat,KE027146,KE0271460729,no_station
Tarakwa,KE027146,KE0271460730,no_station
Lugaga/Wamuluma,KE038211,KE0382111051,no_station
South Maragoli,KE038211,KE0382111052,no_station
Central Maragoli,KE038211,KE0382111053,no_station
Mungoma,KE038211,KE0382111054,no_station
Lyaywa/Izava,KE038212,KE0382121055,no_station
Sabatia West,KE038212,KE0382121056,no_station
Chavakali,KE038212,KE0382121057,no_station
North Maragoli,KE038212,KE0382121058,no_station
Wodanga,KE038212,KE0382121059,no_station
Busali,KE038212,KE0382121060,no_station
Shiru,KE038213,KE0382131061,no_station
Gisambai,KE038213,KE0382131062,no_station
Shamakhokho,KE038213,KE0382131063,no_station
Banja,KE038213,KE0382131064,no_station
Muhudu,KE038213,KE0382131065,no_station
Tambua,KE038213,KE0382131066,no_station
Jepkoyai,KE038213,KE0382131067,no_station
Luanda Township,KE038214,KE0382141068,no_station
Wemilabi,KE038214,KE0382141069,no_station
Mwibona,KE038214,KE0382141070,no_station
Luanda South,KE038214,KE0382141071,no_station
Emabungo,KE038214,KE0382141072,no_station
North East Bunyore,KE038215,KE0382151073,no_station
Central Bunyore,KE038215,KE0382151074,no_station
West Bunyore,KE038215,KE0382151075,no_station
Gurar,KE008033,KE0080330161,no_station
Bute,KE008033,KE0080330162,no_station
Korondile,KE008033,KE0080330163,no_station
Malkagufu,KE008033,KE0080330164,no_station
Batalu,KE008033,KE0080330165,no_station
Danaba,KE008033,KE0080330166,no_station
Godoma,KE008033,KE0080330167,no_station
Wagberi,KE008034,KE0080340168,no_station
Township,KE008034,KE0080340169,no_station
Barwaqo,KE008034,KE0080340170,no_station
Khorof/Harar,KE008034,KE0080340171,no_station
Elben,KE008035,KE0080350172,no_station
Sarman,KE008035,KE0080350173,no_station
Tarbaj,KE008035,KE0080350174,no_station
Wargadud,KE008035,KE0080350175,no_station
Arbajahan,KE008036,KE0080360176,no_station
Hadado/Athibohol,KE008036,KE0080360177,no_station
Ademasajide,KE008036,KE0080360178,no_station
Ganyure,KE008036,KE0080360179,no_station
Wagalla,KE008036,KE0080360180,no_station
Eldas,KE008037,KE0080370181,no_station
Della,KE008037,KE0080370182,no_station
Elnur/Tula Tula,KE008037,KE0080370183,no_station
Benane,KE008038,KE0080380184,no_station
Bur-Der,KE008038,KE0080380185,no_station
Dadaja Bulla,KE008038,KE0080380186,no_station
Habaswein,KE008038,KE0080380187,no_station
Lagboghol South,KE008038,KE0080380188,no_station
Ibrahim Ure,KE008038,KE0080380189,no_station
Diff,KE008038,KE0080380190,no_station
Riwo,KE024129,KE0241290641,no_station
Kapenguria,KE024129,KE0241290642,no_station
Mnangei,KE024129,KE0241290643,no_station
Siyoi,KE024129,KE0241290644,no_station
Endugh,KE024129,KE0241290645,no_station
Sook,KE024129,KE0241290646,no_station
Sekerr,KE024130,KE0241300647,no_station
Masool,KE024130,KE0241300648,no_station
Lomut,KE024130,KE0241300649,no_station
Wei Wei,KE024130,KE0241300650,no_station
Suam,KE024131,KE0241310651,no_station
Kodich,KE024131,KE0241310652,no_station
Kasei,KE024131,KE0241310653,no_station
Kapchok,KE024131,KE0241310654,no_station
Kiwawa,KE024131,KE0241310655,no_station
Alale,KE024131,KE0241310656,no_station
Chepareria,KE024132,KE0241320657,no_station
Batei,KE024132,KE0241320658,no_station
Lelan,KE024132,KE0241320659,no_station
Tapach,KE024132,KE0241320660,no_station